"","Id","Model","Price","Age","KM","HP","Metallic","Automatic","CC","Doors","Gears","Weight"
"364",364,"TOYOTA Corolla 1.6 16V VVT I LIFTB SOL 4/5-Doors",11950,55,74715,110,1,0,1600,5,5,1080
"996",996,"TOYOTA Corolla 1.3 16V LIFTB LINEA TERRA 4/5-Doors",7950,80,97548,86,0,0,1300,5,5,1035
"517",517,"TOYOTA Corolla 1.6 16V HATCHB G6 2/3-Doors",8250,64,150585,110,1,0,1600,3,6,1065
"1114",1114,"TOYOTA Corolla 1.6 16V LIFTB LINEA LUNA 4/5-Doors",8950,76,73116,110,1,0,1600,5,5,1075
"1185",1185,"TOYOTA Corolla 1.6 16V HATCHB LINEA TERRA 2/3-Doors",8400,77,60000,110,1,0,1600,3,5,1050
"58",58,"TOYOTA Corolla 1.4 16V VVT I 5DR 4/5-Doors",15750,23,28227,97,1,0,1400,5,5,1110
"665",665,"TOYOTA Corolla 1.6 16V WAGON LINEA TERRA Stationwagen",11950,60,74720,110,1,0,1600,5,5,1085
"1122",1122,"TOYOTA Corolla 1.6 16V HATCHB LINEA LUNA 2/3-Doors",7950,78,72000,110,0,0,1600,3,5,1055
"693",693,"TOYOTA Corolla 1.6 16v Linea Luna 2/3-Doors",10500,67,70000,107,1,1,1587,3,5,1065
"574",574,"TOYOTA Corolla 1.6 16V HATCHB LINEA TERRA 2/3-Doors",8950,68,95000,110,0,0,1600,3,5,1050
"1200",1200,"TOYOTA Corolla 1.3 16V WAGON LINEA TERRA Stationwagen",8950,75,57537,86,1,0,1300,5,5,1050
"569",569,"TOYOTA Corolla 1.3 16V HATCHB LINEA TERRA 2/3-Doors",9900,65,97173,86,0,0,1300,3,5,1015
"849",849,"TOYOTA Corolla 1.6 GTSi HB 4/5-Doors",10750,57,45000,110,1,0,1600,5,5,1050
"717",717,"TOYOTA Corolla 1.6 16V LIFTB LINEA LUNA 4/5-Doors",10950,67,65785,110,1,0,1600,5,5,1075
"129",129,"TOYOTA Corolla 1.6 16v VVTi Linea Sol 4/5-Doors",20750,17,10000,110,0,0,1598,5,5,1105
"1124",1124,"TOYOTA Corolla 1.6 16V LIFTB LINEA LUNA 4/5-Doors",8500,77,71825,110,0,0,1600,5,5,1075
"308",308,"TOYOTA Corolla 1.4 16V VVT I HATCHB TERRA 2/3-Doors",10950,35,21904,97,0,0,1400,3,5,1025
"53",53,"TOYOTA Corolla 1.4 16V VVT I 5DR TERRA COMFORT 4/5-Doors",14950,22,30400,97,1,0,1400,5,5,1110
"409",409,"TOYOTA Corolla 1.6 16V HATCHB S 2/3-Doors",10950,55,58377,110,1,0,1600,3,5,1050
"1189",1189,"TOYOTA Corolla 1.6 16V HATCHB LINEA TERRA 2/3-Doors",9900,73,59240,110,1,0,1600,3,5,1050
"1107",1107,"TOYOTA Corolla 1.6 16V HATCHB S 2/3-Doors",7400,75,74096,110,1,0,1600,3,5,1050
"862",862,"TOYOTA Corolla 1.3 16V HATCHB LINEA TERRA 2/3-Doors",7750,64,43000,86,0,0,1300,3,5,1015
"796",796,"TOYOTA Corolla 1.3 16V SEDAN LINEA TERRA 4/5-Doors",9250,67,56074,86,0,0,1300,4,5,1000
"1234",1234,"TOYOTA Corolla 1.3 16V LIFTB LINEA TERRA 4/5-Doors",7750,76,45410,86,1,0,1300,5,5,1035
"814",814,"TOYOTA Corolla 1.6 16V LIFTB LINEA LUNA 4/5-Doors",10250,62,53285,110,1,0,1600,5,5,1075
"878",878,"TOYOTA Corolla 1.6 16V LIFTB LINEA TERRA 4/5-Doors",9500,60,36943,110,0,0,1600,5,5,1070
"674",674,"TOYOTA Corolla 1.6 16V LIFTB LINEA TERRA 4/5-Doors",10950,64,73376,110,0,0,1600,5,5,1070
"735",735,"TOYOTA Corolla 1.3 16V HATCHB LINEA TERRA 2/3-Doors",9500,66,63881,86,0,0,1300,3,5,1015
"358",358,"TOYOTA Corolla 1.6 16V VVT I SEDAN TERRA 4/5-Doors",11950,54,77270,110,1,0,1600,4,5,1035
"182",182,"TOYOTA Corolla 1.6 16V VVT I LIFTB TERRA 4/5-Doors",11900,41,61000,110,0,0,1600,5,5,1075
"1245",1245,"TOYOTA Corolla 1.6 LB 4/5-Doors",8950,79,40093,110,0,0,1600,5,5,1114
"1113",1113,"TOYOTA Corolla 1.6 16V LIFTB LINEA TERRA 4/5-Doors",7500,80,73200,110,1,0,1600,5,5,1070
"851",851,"TOYOTA Corolla 1.6 16V LIFTB LINEA LUNA 4/5-Doors",8850,65,45000,110,0,0,1600,5,5,1075
"980",980,"TOYOTA Corolla 1.6 16V HATCHB LINEA TERRA 2/3-Doors",6900,74,101773,110,0,0,1600,3,5,1050
"31",31,"TOYOTA Corolla 1.4 16V VVT I 3DR 2/3-Doors",14750,27,27500,97,0,0,1400,3,5,1100
"588",588,"TOYOTA Corolla 1.6 16V HATCHB LINEA TERRA 2/3-Doors",8490,62,90000,110,0,0,1600,3,5,1050
"932",932,"TOYOTA Corolla 1.6 16V SEDAN LINEA TERRA 4/5-Doors",5250,72,126478,110,1,0,1600,4,5,1035
"266",266,"TOYOTA Corolla 1.6 16V VVT I LIFTB LUNA 4/5-Doors",12950,39,34599,110,1,0,1600,5,5,1075
"391",391,"TOYOTA Corolla 1.6 16V VVT I SEDAN TERRA 4/5-Doors",9930,53,63635,110,1,0,1600,4,5,1035
"284",284,"TOYOTA Corolla 1.6 16V VVT I HATCHB G6 2/3-Doors",14950,42,29640,110,0,0,1600,3,5,1055
"175",175,"TOYOTA Corolla 1.4 16V VVT I LIFTB LUNA 4/5-Doors",11690,34,65345,97,1,0,1400,5,5,1060
"507",507,"TOYOTA Corolla 1.4 16V VVT I HATCHB TERRA 2/3-Doors",10500,56,19313,97,0,0,1400,3,5,1025
"506",506,"TOYOTA Corolla 1.4 16V VVT I HATCHB TERRA 2/3-Doors",10800,50,22500,97,1,0,1400,3,5,1025
"451",451,"TOYOTA Corolla 1.6 16V VVT I SEDAN TERRA 4/5-Doors",11750,52,46449,110,1,0,1600,4,5,1035
"186",186,"TOYOTA Corolla 1.6 VVT-i Linea Sol 4/5-Doors",11950,40,58954,110,1,0,1600,5,5,1080
"170",170,"TOYOTA Corolla 1.6 HB LINEA SOL 4/5-Doors",12450,44,74172,110,1,0,1600,5,5,1615
"1225",1225,"TOYOTA Corolla 1.6 16V HATCHB LINEA LUNA 2/3-Doors",9800,77,48838,110,0,0,1600,3,5,1055
"568",568,"TOYOTA Corolla 1.6 16V LIFTB LINEA LUNA 4/5-Doors",9950,61,97425,110,1,0,1600,5,5,1075
"324",324,"TOYOTA Corolla 1.6 16V VVT I SEDAN TERRA 4/5-Doors",10500,55,117175,110,1,0,1600,4,5,1035
"1043",1043,"TOYOTA Corolla 1.3 16V HATCHB LINEA TERRA 2/3-Doors",8250,80,87000,86,1,0,1300,3,5,1015
"56",56,"TOYOTA Corolla 1.4 16V VVT I LIFTB TERRA 4/5-Doors",12995,32,29198,97,1,0,1400,5,5,1060
"537",537,"TOYOTA Corolla 1.6 16V LIFTB LINEA TERRA 4/5-Doors",9950,68,112116,110,1,0,1600,5,5,1070
"969",969,"TOYOTA Corolla 1.3 16V HATCHB LINEA TERRA 2/3-Doors",5950,72,105856,86,0,0,1300,3,5,1015
"148",148,"TOYOTA Corolla 1.6 VVT-I 5DR LINEA TERRA 4/5-Doors",18500,7,2000,110,0,0,1600,5,5,1075
"679",679,"TOYOTA Corolla 1.6 16V HATCHB LINEA TERRA 2/3-Doors",8250,63,72522,110,1,0,1600,3,5,1050
"250",250,"TOYOTA Corolla 1.4 16V VVT I HATCHB TERRA 2/3-Doors",11450,37,38812,97,0,0,1400,3,5,1025
"155",155,"TOYOTA Corolla 1.4 16V VVT I HATCHB TERRA 2/3-Doors",9950,42,105699,97,1,0,1400,3,5,1025
"910",910,"TOYOTA Corolla 1.3 16V SEDAN LINEA TERRA AUT3 4/5-Doors",10950,67,15535,86,1,1,1300,4,5,1030
"1080",1080,"TOYOTA Corolla 1.6 16V SEDAN LINEA TERRA 4/5-Doors",7250,78,78689,110,0,0,1600,4,5,1035
"452",452,"TOYOTA Corolla LIFTBACK 1.6 Linea terra 4/5-Doors",10950,47,46391,110,0,0,1600,5,5,1075
"801",801,"TOYOTA Corolla 1.6 16V LIFTB LINEA LUNA AUT4 4/5-Doors",10350,60,55085,107,0,1,1600,5,5,1105
"115",115,"TOYOTA Corolla 1.6 16V VVT I 5DR EXEC BNS 4/5-Doors",24500,13,19988,110,1,0,1600,5,5,1130
"462",462,"TOYOTA Corolla 1.6 Hatchback 2/3-Doors",10450,49,41710,110,0,0,1600,3,5,1040
"330",330,"TOYOTA Corolla 1.6 16V VVT I LIFTB SOL 4/5-Doors",11900,47,102352,110,1,0,1600,5,5,1080
"978",978,"TOYOTA Corolla 1.3 16V HATCHB LINEA TERRA 2/3-Doors",7750,77,102000,86,1,0,1300,3,5,1015
"538",538,"TOYOTA Corolla 1.6 16V HATCHB G6 R 2/3-Doors",10500,66,112000,110,1,0,1600,3,6,1065
"971",971,"TOYOTA Corolla 1.6 16V HATCHB LINEA TERRA 2/3-Doors",6500,80,105135,110,1,0,1600,3,5,1050
"973",973,"TOYOTA Corolla 1.6 16V HATCHB S 2/3-Doors",7950,74,104150,110,1,0,1600,3,5,1050
"951",951,"TOYOTA Corolla 1.6 HATCHBACK 2/3-Doors",6500,71,115157,110,1,0,1600,3,5,1050
"526",526,"TOYOTA Corolla 1.6 16V SEDAN LINEA TERRA 4/5-Doors",7950,68,119289,110,1,0,1600,4,5,1035
"901",901,"TOYOTA Corolla 1.3 16V HATCHB LINEA TERRA 2/3-Doors",10000,57,28000,86,0,0,1300,3,5,1015
"751",751,"TOYOTA Corolla 1.6 Linea Terra Comfort 4/5-Doors",8750,68,61504,110,1,0,1600,4,5,1035
"847",847,"TOYOTA Corolla 1.6 16V HATCHB LINEA TERRA 2/3-Doors",8745,65,45681,110,0,0,1600,3,5,1050
"1",1,"TOYOTA Corolla 1800 T SPORT VVT I 2/3-Doors",21500,27,19700,192,0,0,1800,3,5,1185
"566",566,"TOYOTA Corolla 1.3 Linea Terra sedan Comf. 4/5-Doors",8750,64,98291,86,0,0,1300,4,5,1000
"262",262,"TOYOTA Corolla 1.6 16V VVT I HATCHB G6 4/5-Doors",11990,40,36566,110,0,0,1600,5,5,1090
"1205",1205,"TOYOTA Corolla 1.6 16V HATCHB S 2/3-Doors",7800,73,56566,110,1,0,1600,3,5,1050
"728",728,"TOYOTA Corolla 1.6 16V LIFTB LINEA LUNA 4/5-Doors",7995,62,64797,110,1,0,1600,5,5,1075
"418",418,"TOYOTA Corolla 1.6 VVTI Linea Sol Sedan 4/5-Doors",11950,53,55500,110,1,0,1600,4,5,1035
"132",132,"TOYOTA Corolla 1.4 16V VVT I 5DR TERRA COMFORT 4/5-Doors",17650,11,6155,97,1,0,1400,5,5,1110
"289",289,"TOYOTA Corolla 1.6 16V VVT I LIFTB LUNA 4/5-Doors",13750,38,28150,110,1,0,1600,5,5,1075
"791",791,"TOYOTA Corolla 1.6 16V HATCHB LINEA TERRA 2/3-Doors",9950,63,57000,110,1,0,1600,3,5,1050
"494",494,"TOYOTA Corolla 1.4 HB Terra 2/3-Doors",8950,56,31000,97,0,0,1400,3,5,1025
"931",931,"TOYOTA Corolla 1.6 16V HATCHB S 2/3-Doors",8250,73,128006,110,1,0,1600,3,5,1050
"122",122,"TOYOTA Corolla 1.6 16V VVT I 5DR EXEC 4/5-Doors",21750,13,13178,110,1,0,1600,5,5,1130
"513",513,"TOYOTA Corolla 1.4 VVT-i Terra 2/3-Doors",8950,52,31000,97,0,0,1398,3,5,1025
"1161",1161,"TOYOTA Corolla 1.6 16V SEDAN LINEA TERRA 4/5-Doors",8495,77,64280,110,0,0,1600,4,5,1035
"1052",1052,"TOYOTA Corolla 1.6 16V HATCHB LINEA TERRA 2/3-Doors",8500,73,84988,110,1,0,1600,3,5,1050
"1215",1215,"TOYOTA Corolla 1.6 16V LIFTB LINEA TERRA 4/5-Doors",9750,69,52320,110,0,0,1600,5,5,1070
"206",206,"TOYOTA Corolla 1.4 16V VVT I HATCHB TERRA 2/3-Doors",11950,41,51732,97,1,0,1400,3,5,1025
"154",154,"TOYOTA Corolla 1.6 16V VVT I LIFTB LUNA 4/5-Doors",11950,37,118217,110,1,0,1600,5,5,1075
"767",767,"TOYOTA Corolla 1.3 16V HATCHB LINEA TERRA 2/3-Doors",8950,65,60000,86,1,0,1300,3,5,1015
"403",403,"TOYOTA Corolla 1.6 16V VVT I LIFTB TERRA 4/5-Doors",10750,54,60239,110,1,0,1600,5,5,1075
"770",770,"TOYOTA Corolla 1.6 16V HATCHB LINEA TERRA 2/3-Doors",8950,63,59000,110,0,0,1600,3,5,1050
"375",375,"TOYOTA Corolla 1.6 16V VVT I HATCHB TERRA 2/3-Doors",10990,53,70239,110,0,0,1600,3,5,1040
"220",220,"TOYOTA Corolla 1.6 16V VVT I HATCHB TERRA 2/3-Doors",11495,39,46694,110,0,0,1600,3,5,1040
"914",914,"TOYOTA Corolla 1.6 HB LINEA TERRA 2/3-Doors",7950,71,164000,110,1,0,1600,3,5,1050
"110",110,"TOYOTA Corolla 1.6 16V VVT I 5DR SOL 4/5-Doors",19950,13,21428,110,1,0,1600,5,5,1130
"545",545,"TOYOTA Corolla 1.6 16V SEDAN LINEA TERRA 4/5-Doors",9950,67,108793,110,1,0,1600,4,5,1035
"596",596,"TOYOTA Corolla 1.3 16V HATCHB LINEA TERRA 2/3-Doors",7950,61,88127,86,0,0,1300,3,5,1015
"699",699,"TOYOTA Corolla 1.3 16V HATCHB G6 2/3-Doors",9250,58,68723,86,0,0,1300,3,5,1025
"388",388,"TOYOTA Corolla 1.6 16V VVT I HATCHB TERRA 2/3-Doors",10450,48,64193,110,1,0,1600,3,5,1040
"1217",1217,"TOYOTA Corolla 1.6 LL HB 4/5-Doors",8750,75,52000,110,0,0,1600,5,5,1075
"1109",1109,"TOYOTA Corolla 1.6 16V HATCHB LINEA TERRA 2/3-Doors",7750,71,74000,110,0,0,1600,3,5,1050
"561",561,"TOYOTA Corolla 1.6 16V LIFTB LINEA TERRA 4/5-Doors",8950,61,100748,110,0,0,1600,5,5,1070
"1032",1032,"TOYOTA Corolla 1.6 16V WAGON LINEA TERRA Stationwagen",9200,69,89096,110,1,0,1600,5,5,1085
"1059",1059,"TOYOTA Corolla 1.6 16V WAGON LINEA TERRA Stationwagen",7750,77,84000,110,1,0,1600,5,5,1085
"705",705,"TOYOTA Corolla 1.6 16V HATCHB G6 R 2/3-Doors",9750,67,67762,110,1,0,1600,3,6,1065
"475",475,"TOYOTA Corolla 1.6 16V VVT I HATCHB G6 2/3-Doors",12950,51,38403,110,0,0,1600,3,5,1055
"1219",1219,"TOYOTA Corolla 1.6 16V SEDAN LINEA TERRA AUT4 4/5-Doors",8500,73,52000,110,1,1,1600,4,5,1065
"1206",1206,"TOYOTA Corolla 1.6 16V HATCHB LINEA TERRA 2/3-Doors",8750,73,56307,110,1,0,1600,3,5,1050
"348",348,"TOYOTA Corolla 1.6 16V VVT I WAGON TERRA Stationwagen",12950,50,83106,110,1,0,1600,5,5,1075
"70",70,"TOYOTA Corolla 1.6 16V VVT I 5DR SOL 4/5-Doors",17450,28,8537,110,1,0,1600,5,5,1130
"1091",1091,"TOYOTA Corolla 1.3 16V LIFTB LINEA TERRA 4/5-Doors",7950,72,75840,86,0,0,1300,5,5,1035
"829",829,"TOYOTA Corolla ",9390,66,50806,86,0,0,1300,3,5,1480
"164",164,"TOYOTA Corolla 1.6 16V VVT I LIFTB TERRA 4/5-Doors",11450,40,78425,110,1,0,1600,5,5,1075
"631",631,"TOYOTA Corolla 1.6 16V SEDAN LINEA TERRA 4/5-Doors",8250,65,80086,110,1,0,1600,4,5,1035
"1095",1095,"TOYOTA Corolla 1.6 station 1 Stationwagen",7995,79,75322,110,1,0,1600,4,5,1115
"671",671,"TOYOTA Corolla 1.3 16V WAGON LINEA TERRA Stationwagen",8995,67,73936,86,1,0,1300,5,5,1050
"464",464,"TOYOTA Corolla 1.6 VVT-i Linea Sol 4/5-Doors",12950,49,41636,110,1,0,1600,5,5,1105
"742",742,"TOYOTA Corolla 1.6 16V HATCHB G6 R 2/3-Doors",9750,68,62292,110,1,0,1600,3,6,1065
"366",366,"TOYOTA Corolla 1.6 16V VVT I LIFTB TERRA 4/5-Doors",8900,49,74494,110,1,0,1600,5,5,1075
"352",352,"TOYOTA Corolla 1.6 16V VVT I HATCHB TERRA AUT4 2/3-Doors",11290,49,80320,110,1,1,1600,3,5,1070
"251",251,"TOYOTA Corolla 1.6 16V VVT I LIFTB LUNA 4/5-Doors",12450,42,38665,110,1,0,1600,5,5,1075
"422",422,"TOYOTA Corolla 1.4 16V VVT I LIFTB TERRA 4/5-Doors",11700,52,53561,97,1,0,1400,5,5,1060
"1257",1257,"TOYOTA Corolla 1.3 16V HATCHB LINEA TERRA 2/3-Doors",8450,72,26000,86,0,0,1300,3,5,1015
"176",176,"TOYOTA Corolla 1.6 16V VVT I LIFTB SOL 4/5-Doors",12450,42,64564,110,1,0,1600,5,5,1080
"104",104,"TOYOTA Corolla 1.4 16V VVT I 5DR TERRA COMFORT 4/5-Doors",16500,19,27821,97,0,0,1400,5,5,1110
"162",162,"TOYOTA Corolla 1.6 16V VVT I LIFTB SOL 4/5-Doors",11450,41,84312,110,0,0,1600,5,5,1080
"784",784,"TOYOTA Corolla 1.6 16V HATCHB G6 2/3-Doors",10495,62,58000,110,1,0,1600,3,6,1065
"703",703,"TOYOTA Corolla 1.6 Luna Liftback 4/5-Doors",10500,65,68000,110,0,0,1600,5,5,1075
"1010",1010,"TOYOTA Corolla 1.6 Linea Terra Comfort 4/5-Doors",9250,80,93841,110,0,0,1600,5,5,1070
"762",762,"TOYOTA Corolla 1.3 16V HATCHB LINEA TERRA 2/3-Doors",7995,65,60724,86,1,0,1300,3,5,1015
"834",834,"TOYOTA Corolla 1.6 16V WAGON LINEA TERRA Stationwagen",9900,67,49585,110,0,0,1600,5,5,1085
"589",589,"TOYOTA Corolla 1.6 Linea Terra Sedan 4/5-Doors",8750,60,89576,110,0,0,1600,4,5,1035
"745",745,"TOYOTA Corolla 1.3 16V LIFTB LINEA TERRA 4/5-Doors",8750,66,62135,86,1,0,1300,5,5,1035
"927",927,"TOYOTA Corolla 1.6 16V HATCHB LINEA TERRA 2/3-Doors",7250,74,130025,110,1,0,1600,3,5,1050
"887",887,"TOYOTA Corolla 1.6 16V HATCHB LINEA TERRA 2/3-Doors",9750,64,34114,110,0,0,1600,3,5,1050
"1104",1104,"TOYOTA Corolla 1.3i LINEA TERRA 2/3-Doors",5950,75,74567,86,1,0,1300,3,5,1015
"495",495,"TOYOTA Corolla 1.4 16V VVT I LIFTB TERRA 4/5-Doors",10450,46,30806,97,1,0,1400,5,5,1060
"351",351,"TOYOTA Corolla 1.6 LB LINEA SOL 4/5-Doors",10950,54,81905,110,1,0,1600,5,5,1105
"460",460,"TOYOTA Corolla 1.3 16V HATCHB G6 2/3-Doors",10750,56,43700,86,1,0,1300,3,5,1025
"12",12,"TOYOTA Corolla 1.6 16V VVT I 3DR TERRA 2/3-Doors",15950,30,67660,110,1,0,1600,3,5,1105
"207",207,"TOYOTA Corolla 1.6 16V VVT I WAGON TERRA Stationwagen",12495,39,50873,110,1,0,1600,5,5,1075
"944",944,"TOYOTA Corolla 1.6 16V SEDAN LINEA TERRA 4/5-Doors",7950,74,121900,110,1,0,1600,4,5,1035
"259",259,"TOYOTA Corolla 1.4 16V VVT I HATCHB TERRA 2/3-Doors",10950,38,37320,97,1,0,1400,3,5,1025
"268",268,"TOYOTA Corolla 1.4 16V VVT I HATCHB TERRA 2/3-Doors",10950,42,33623,97,1,0,1400,3,5,1025
"86",86,"TOYOTA Corolla 1.6 VVT-i Linea Terra Comfort 2/3-Doors",18800,14,11500,110,1,0,1600,3,5,1045
"275",275,"TOYOTA Corolla 1.6 16V VVT I HATCHB TERRA 2/3-Doors",11750,40,32532,110,1,0,1600,3,5,1040
"817",817,"TOYOTA Corolla 1.3 16V HATCHB LINEA TERRA 2/3-Doors",7750,68,53000,86,0,0,1300,3,5,1015
"945",945,"TOYOTA Corolla 1.6 16V LIFTB LINEA TERRA 4/5-Doors",7250,77,121545,110,1,0,1600,5,5,1070
"554",554,"TOYOTA Corolla 1.6 16V LIFTB LINEA LUNA 4/5-Doors",9500,63,103400,110,1,0,1600,5,5,1075
"432",432,"TOYOTA Corolla 1.4 16V VVT I HATCHB TERRA 2/3-Doors",9400,54,50000,97,1,0,1400,3,5,1025
"274",274,"TOYOTA Corolla 1.6 16V VVT I LIFTB TERRA 4/5-Doors",11950,38,32781,110,0,0,1600,5,5,1075
"124",124,"TOYOTA Corolla 1.6 16V VVT I SEDAN SOL 4/5-Doors",19500,16,13000,110,1,0,1600,4,5,1105
"433",433,"TOYOTA Corolla 1.3 G6 liftback 4/5-Doors",11950,51,50000,86,1,0,1300,5,5,1045
"634",634,"TOYOTA Corolla 1.3 HB LINEA TERRA 2/3-Doors",8250,65,80000,86,1,0,1300,2,5,1015
"241",241,"TOYOTA Corolla 1.6 16V VVT I HATCHB G6 2/3-Doors",13750,39,40000,110,1,0,1600,3,5,1055
"492",492,"TOYOTA Corolla 1.4 16V VVT I HATCHB SOL 2/3-Doors",11930,49,31999,97,0,0,1400,3,5,1030
"1244",1244,"TOYOTA Corolla 1.6 16V HATCHB LINEA TERRA 2/3-Doors",6950,72,42000,110,1,0,1600,3,5,1050
"555",555,"TOYOTA Corolla 1.3 16V WAGON LINEA LUNA Stationwagen",9250,63,102807,86,0,0,1300,5,5,1055
"1226",1226,"TOYOTA Corolla 1.3 16V HATCHB LINEA TERRA 2/3-Doors",7500,71,48576,86,1,0,1300,3,5,1015
"1251",1251,"TOYOTA Corolla 1.6 16V HATCHB LINEA TERRA 2/3-Doors",7600,78,36000,110,1,0,1600,3,5,1050
"413",413,"TOYOTA Corolla 1.6 SDN LINEA SOL 4/5-Doors",11950,47,57500,110,1,0,1600,4,5,1105
"1103",1103,"TOYOTA Corolla 1.6 16V WAGON LINEA TERRA Stationwagen",8450,69,74573,110,1,0,1600,5,5,1085
"587",587,"TOYOTA Corolla 1.6 16V HATCHB LINEA TERRA 2/3-Doors",8450,68,90727,110,0,0,1600,3,5,1050
"813",813,"TOYOTA Corolla 2/3-Doors",10250,57,54000,110,1,0,1600,3,5,1135
"243",243,"TOYOTA Corolla 1.6 16V VVT I HATCHB SOL 2/3-Doors",12500,41,39659,110,1,0,1600,3,5,1045
"453",453,"TOYOTA Corolla 1.6 16V VVT I HATCHB G6 2/3-Doors",12450,54,46230,110,1,0,1600,3,5,1055
"291",291,"TOYOTA Corolla 1.6 Terra LB Comf. 4/5-Doors",12750,33,27240,110,1,0,1600,5,5,1075
"690",690,"TOYOTA Corolla 1.6 16V HATCHB S 2/3-Doors",9450,59,70218,110,1,0,1600,3,5,1050
"201",201,"TOYOTA Corolla 1.6-16v Linea Terra LB 4/5-Doors",12900,42,53350,110,0,0,1600,5,5,1075
"1120",1120,"TOYOTA Corolla 1.6 16V LIFTB LINEA TERRA 4/5-Doors",7750,78,72090,110,1,0,1600,5,5,1070
"815",815,"TOYOTA Corolla 1.6 16V LIFTB LINEA LUNA 4/5-Doors",11500,65,53053,110,1,0,1600,5,5,1075
"729",729,"TOYOTA Corolla 1.6 16V HATCHB LINEA TERRA 2/3-Doors",8750,65,64772,110,1,0,1600,3,5,1050
"1238",1238,"TOYOTA Corolla 1.6 16V LIFTB LINEA TERRA 4/5-Doors",7900,75,43720,110,1,0,1600,5,5,1070
"405",405,"TOYOTA Corolla 1.4 VVT-i Linea Luna liftback 4/5-Doors",11750,51,58761,97,0,0,1300,5,5,1060
"576",576,"TOYOTA Corolla 1.6 G6R HB 2/3-Doors",9900,66,94606,110,0,0,1600,3,5,1065
"950",950,"TOYOTA Corolla 1.6 16V LIFTB LINEA TERRA 4/5-Doors",6900,76,115345,110,1,0,1600,5,5,1070
"632",632,"TOYOTA Corolla 1.6 16V LIFTB LINEA LUNA 4/5-Doors",10950,62,80000,110,0,0,1600,5,5,1075
"911",911,"TOYOTA Corolla 1.3 16V LIFTB LINEA TERRA 4/5-Doors",9450,66,15110,86,0,0,1300,5,5,1035
"339",339,"TOYOTA Corolla 1.3 16V HATCHB LINEA TERRA 2/3-Doors",8950,55,94122,86,1,0,1300,3,5,1015
"1173",1173,"TOYOTA Corolla 1.6 16V LIFTB LINEA TERRA 4/5-Doors",8950,74,61700,110,0,0,1600,5,5,1070
"287",287,"TOYOTA Corolla 1.6 16V VVT I HATCHB G6 4/5-Doors",14950,41,28571,110,0,0,1600,5,5,1090
"642",642,"TOYOTA Corolla 1.3 16V HATCHB LINEA TERRA 2/3-Doors",7950,64,78356,86,1,0,1300,3,5,1015
"520",520,"TOYOTA Corolla 1.6 16V HATCHB S 2/3-Doors",7750,60,130270,110,0,0,1600,3,5,1050
"286",286,"TOYOTA Corolla 1.6 16V VVT I LIFTB TERRA 4/5-Doors",12950,33,28715,110,1,0,1600,5,5,1075
"609",609,"TOYOTA Corolla 1.6 16V LIFTB LINEA LUNA 4/5-Doors",9250,68,84482,110,1,0,1600,5,5,1075
"983",983,"TOYOTA Corolla 1.3 16V SEDAN LINEA TERRA AUT3 4/5-Doors",8050,74,100732,86,1,1,1300,4,5,1030
"970",970,"TOYOTA Corolla 1.3 16V HATCHB LINEA TERRA 2/3-Doors",6750,77,105152,86,0,0,1300,3,5,1015
"295",295,"TOYOTA Corolla 1.4 16V VVT I LIFTB LUNA 4/5-Doors",12500,38,26000,97,1,0,1400,5,5,1060
"345",345,"TOYOTA Corolla 1.6 16V VVT I HATCHB SOL 2/3-Doors",11450,49,86221,110,0,0,1600,3,5,1045
"1057",1057,"TOYOTA Corolla 1.6 16V LIFTB LINEA LUNA 4/5-Doors",6950,80,84000,110,0,0,1600,5,5,1075
"1258",1258,"TOYOTA Corolla 1.3 Linea Terra 4/5-Doors",8950,78,24000,86,1,1,1300,5,5,1065
"1003",1003,"TOYOTA Corolla 1.6 16V WAGON LINEA TERRA Stationwagen",9250,74,96000,110,1,0,1600,5,5,1085
"499",499,"TOYOTA Corolla 1.6 16V VVT I HATCHB G6 2/3-Doors",12900,52,29500,110,1,0,1600,3,5,1055
"435",435,"TOYOTA Corolla 1.6 HB LINEA TERRA 2/3-Doors",18950,49,49568,110,1,0,1600,3,5,1105
"704",704,"TOYOTA Corolla 1.3 16V HATCHB LINEA TERRA 2/3-Doors",8950,65,68000,86,1,0,1300,3,5,1015
"163",163,"TOYOTA Corolla 1.6 16V VVT I LIFTB LUNA AUT4 4/5-Doors",11790,34,78677,110,1,1,1600,5,5,1105
"611",611,"TOYOTA Corolla 1.3 16V HATCHB LINEA TERRA 2/3-Doors",8750,67,83560,86,0,0,1300,3,5,1015
"255",255,"TOYOTA Corolla 1.4 16V VVT I LIFTB LUNA 4/5-Doors",11650,39,37782,97,1,0,1400,5,5,1060
"1023",1023,"TOYOTA Corolla 1.3i-16v Linea Terra 5d 4/5-Doors",8500,78,90345,86,1,0,1300,5,5,1035
"639",639,"TOYOTA Corolla 1.6 16V HATCHB LINEA TERRA 2/3-Doors",8900,61,79000,110,1,0,1600,3,5,1050
"547",547,"TOYOTA Corolla 1.3 16V LIFTB LINEA LUNA 4/5-Doors",9750,58,105942,86,0,0,1300,5,5,1040
"427",427,"TOYOTA Corolla 1.4 HB LINEA TERRA 2/3-Doors",10750,55,52149,97,1,0,1400,3,5,1085
"933",933,"TOYOTA Corolla 1.6 HB Terra 4/5-Doors",7900,77,126000,110,1,0,1600,5,5,1050
"386",386,"TOYOTA Corolla 1.4 16V VVT I HATCHB TERRA 2/3-Doors",9950,52,65170,97,1,0,1400,3,5,1025
"305",305,"TOYOTA Corolla 1.6 16V VVT I LIFTB LUNA 4/5-Doors",13450,40,23616,110,1,0,1600,5,5,1075
"181",181,"TOYOTA Corolla 1.6 16V VVT I HATCHB SOL 2/3-Doors",12900,41,61200,110,1,0,1600,3,5,1045
"1235",1235,"TOYOTA Corolla 1.6 16V HATCHB LINEA TERRA 2/3-Doors",8950,70,44850,110,1,0,1600,3,5,1050
"509",509,"TOYOTA Corolla 1.4 16V VVT I HATCHB TERRA 2/3-Doors",10600,51,17069,97,1,0,1400,3,5,1025
"267",267,"TOYOTA Corolla 1.6 16V VVT I LIFTB TERRA 4/5-Doors",11950,41,34000,110,1,0,1600,5,5,1075
"228",228,"TOYOTA Corolla 1.6 16V VVT I LIFTB LUNA 4/5-Doors",12950,39,45081,110,1,0,1600,5,5,1075
"709",709,"TOYOTA Corolla 1.6 16V SEDAN LINEA TERRA 4/5-Doors",10500,65,67003,110,1,0,1600,4,5,1035
"51",51,"TOYOTA Corolla 1.6 VVT-I 5DR LINEA SOL 4/5-Doors",16950,26,32181,110,1,0,1600,5,5,1075
"736",736,"TOYOTA Corolla 1.3 16V LIFTB LINEA TERRA AUT3 4/5-Doors",9750,66,63328,86,0,1,1300,5,5,1065
"369",369,"TOYOTA Corolla 1.4 16V VVT I HATCHB SOL 2/3-Doors",11450,49,73175,97,1,0,1400,3,5,1030
"429",429,"TOYOTA Corolla 1.4 16V VVT I HATCHB TERRA 2/3-Doors",10000,56,52000,97,0,0,1400,3,5,1025
"859",859,"TOYOTA Corolla 1.6 16V LIFTB LINEA TERRA 4/5-Doors",10495,60,43426,110,1,0,1600,5,5,1070
"961",961,"TOYOTA Corolla 1.6 16V WAGON LINEA TERRA Stationwagen",8700,75,109540,110,0,0,1600,5,5,1085
"1074",1074,"TOYOTA Corolla 1.6 16V LIFTB LINEA TERRA 4/5-Doors",7750,76,81930,110,0,0,1600,5,5,1070
"1070",1070,"TOYOTA Corolla 1.3 16V HATCHB LINEA TERRA 2/3-Doors",6950,77,82103,86,1,0,1300,3,5,1015
"759",759,"TOYOTA Corolla 1.3 16V HATCHB LINEA TERRA 2/3-Doors",7950,60,61100,86,1,0,1300,3,5,1015
"715",715,"TOYOTA Corolla 1.6 16V HATCHB LINEA TERRA 2/3-Doors",9950,61,66000,110,0,0,1600,3,5,1050
"55",55,"TOYOTA Corolla 1.4 16V VVT I 5DR TERRA 4/5-Doors",15950,28,29206,97,1,0,1400,5,5,1110
"411",411,"TOYOTA Corolla 1.4 16V VVT I HATCHB TERRA 2/3-Doors",9950,53,57948,97,1,0,1400,3,5,1025
"497",497,"TOYOTA Corolla 1.6 16V VVT I HATCHB SOL AUT4 2/3-Doors",12950,50,29686,110,1,1,1600,3,5,1075
"581",581,"TOYOTA Corolla 1.6 16V LIFTB LINEA LUNA 4/5-Doors",10500,62,93098,110,1,0,1600,5,5,1075
"724",724,"TOYOTA Corolla 1.6 16V SEDAN LINEA TERRA 4/5-Doors",8950,57,65000,110,0,0,1600,4,5,1035
"948",948,"TOYOTA Corolla 1.6 16V LIFTB LINEA LUNA 4/5-Doors",7750,78,120000,110,0,0,1600,5,5,1075
"640",640,"TOYOTA Corolla 1.3 16V LIFTB G6 4/5-Doors",9500,57,78955,86,1,0,1300,5,5,1045
"443",443,"TOYOTA Corolla 1.6 16V VVT I SEDAN TERRA 4/5-Doors",10250,54,47852,110,1,0,1600,4,5,1030
"560",560,"TOYOTA Corolla 1.6 16V LIFTB LINEA LUNA 4/5-Doors",8950,68,101001,110,0,0,1600,5,5,1075
"61",61,"TOYOTA Corolla 1.6 16V VVT I 5DR SOL 4/5-Doors",18750,31,25266,110,1,0,1600,5,5,1130
"269",269,"TOYOTA Corolla 1.6 16V VVT I LIFTB LUNA 4/5-Doors",12950,33,33591,110,1,0,1600,5,5,1075
"1246",1246,"TOYOTA Corolla 1.6 16V HATCHB LINEA TERRA AUT4 2/3-Doors",8750,79,39800,107,0,1,1600,3,5,1080
"204",204,"TOYOTA Corolla 1.4 16V VVT I HATCHB TERRA 2/3-Doors",11950,44,52000,97,0,0,1400,3,5,1025
"855",855,"TOYOTA Corolla 1.6 16V SEDAN LINEA TERRA 4/5-Doors",8250,63,44944,110,1,0,1600,4,5,1035
"157",157,"TOYOTA Corolla 1.4 VVTI Linea Terra 2/3-Doors",11250,40,96518,97,1,0,1400,3,5,1025
"824",824,"TOYOTA Corolla 1.6 16V HATCHB LINEA TERRA 2/3-Doors",8750,58,51712,110,0,0,1600,3,5,1050
"1159",1159,"TOYOTA Corolla 1.3 16V HATCHB LINEA TERRA 2/3-Doors",7750,79,65254,86,1,0,1300,3,5,1015
"678",678,"TOYOTA Corolla 1.3 16V HATCHB LINEA TERRA 2/3-Doors",7950,67,72880,86,1,0,1332,3,5,1015
"1138",1138,"TOYOTA Corolla 1.6 16V LIFTB LINEA TERRA 4/5-Doors",9950,80,69904,110,0,0,1600,5,5,1070
"647",647,"TOYOTA Corolla 1.6 16V HATCHB LINEA TERRA 2/3-Doors",9750,65,77500,110,1,0,1600,3,5,1050
"319",319,"TOYOTA Corolla 1.4 VVTI LB 4/5-Doors",13500,43,10000,97,1,0,1400,5,5,1060
"739",739,"TOYOTA Corolla 1.6 16V HATCHB LINEA TERRA 2/3-Doors",9850,65,62396,110,0,0,1600,3,5,1050
"407",407,"TOYOTA Corolla 1.6 16V VVT I HATCHB SOL 2/3-Doors",11250,52,58596,110,1,0,1600,3,5,1045
"986",986,"TOYOTA Corolla 1.6 16V WAGON LINEA TERRA Stationwagen",8500,80,100458,110,0,0,1600,5,5,1085
"1076",1076,"TOYOTA Corolla 1.6 16V LIFTB LINEA TERRA 4/5-Doors",7990,77,80486,110,1,0,1600,5,5,1070
"738",738,"TOYOTA Corolla 1.3 16V HATCHB LINEA LUNA AUT3 2/3-Doors",10450,61,63000,86,0,1,1300,3,5,1050
"261",261,"TOYOTA Corolla 1.6 SDN LINEA TERRA 4/5-Doors",11950,44,37000,110,0,0,1600,4,5,1075
"225",225,"TOYOTA Corolla 1.4 LB LINEA TERRA 4/5-Doors",12850,39,45713,97,1,0,1400,5,5,1085
"601",601,"TOYOTA Corolla 1.3 16V LIFTB LINEA LUNA 4/5-Doors",9500,59,86871,86,1,0,1300,5,5,1040
"271",271,"TOYOTA Corolla 1.6 16V VVT I LIFTB TERRA 4/5-Doors",11695,43,33113,110,1,0,1600,5,5,1075
"1213",1213,"TOYOTA Corolla 1.6 SDN LINEA TERRA 4/5-Doors",9450,77,52900,110,1,0,1600,4,5,1075
"793",793,"TOYOTA Corolla 1.3 16V LIFTB LINEA TERRA 4/5-Doors",9950,63,57000,86,1,0,1300,5,5,1035
"1155",1155,"TOYOTA Corolla 1.3 16V HATCHB LINEA TERRA 2/3-Doors",6750,80,66168,86,1,0,1300,3,5,1015
"408",408,"TOYOTA Corolla 1.6 16V LIFTB LINEA LUNA 4/5-Doors",11750,54,58530,110,0,0,1600,5,5,1075
"1156",1156,"TOYOTA Corolla 1.6 16V LIFTB LINEA TERRA 4/5-Doors",7400,80,65950,110,0,0,1600,5,5,1070
"873",873,"TOYOTA Corolla 1.6 16V LIFTB LINEA TERRA 4/5-Doors",9750,68,37759,110,1,0,1600,5,5,1070
"930",930,"TOYOTA Corolla 1.6 16V LIFTB LINEA TERRA 4/5-Doors",9250,80,128351,110,1,0,1600,5,5,1070
"885",885,"TOYOTA Corolla 1.6 16V HATCHB LINEA TERRA 2/3-Doors",8900,68,35000,110,1,0,1600,3,5,1050
"676",676,"TOYOTA Corolla 1.6 16V LIFTB LINEA LUNA 4/5-Doors",9500,58,73172,110,1,0,1600,5,5,1075
"952",952,"TOYOTA Corolla 1.6 16V LIFTB LINEA TERRA AUT4 4/5-Doors",6500,78,115000,107,1,1,1600,5,5,1100
"1262",1262,"TOYOTA Corolla 1.3 16V HATCHB LINEA TERRA 2/3-Doors",8500,71,17016,86,0,0,1300,3,5,1015
"1087",1087,"TOYOTA Corolla 1.3 16V HATCHB LINEA TERRA 2/3-Doors",8500,76,76268,86,1,0,1300,3,5,1015
"336",336,"TOYOTA Corolla 1.6 HB SOL 2/3-Doors",10900,49,97600,110,1,0,1600,3,5,1045
"347",347,"TOYOTA Corolla 1.6 16V VVT I LIFTB TERRA 4/5-Doors",10500,50,83567,110,0,0,1600,5,5,1075
"20",20,"TOYOTA Corolla 1.6 16V VVT I 3DR SOL 2/3-Doors",16950,28,44142,110,0,0,1600,3,5,1120
"501",501,"TOYOTA Corolla 1.4 16V VVT I HATCHB TERRA 2/3-Doors",9950,55,27500,97,1,0,1400,3,5,1025
"866",866,"TOYOTA Corolla 1.6 4/5-Doors",9900,64,41200,110,0,0,1600,5,5,1070
"7",7,"TOYOTA Corolla 1.8 16V VVTLI 3DR T SPORT 2/3-Doors",22000,28,18739,192,0,0,1800,3,6,1185
"72",72,"TOYOTA Corolla 1.4 16V VVT I 3DR TERRA COMFORT 2/3-Doors",15950,19,51884,97,1,0,1400,3,5,1100
"1066",1066,"TOYOTA Corolla 1.6 16V HATCHB LINEA TERRA 2/3-Doors",7950,71,82700,110,0,0,1600,3,5,1050
"763",763,"TOYOTA Corolla 1.3 16V LIFTB G6 4/5-Doors",10995,59,60708,86,1,0,1300,5,5,1045
"1187",1187,"TOYOTA Corolla 1.6 16V HATCHBACK LINEA LUNA 2/3-Doors",7950,76,59815,110,1,0,1587,3,5,1055
"1045",1045,"TOYOTA Corolla 1.6 16V HATCHB LINEA LUNA 2/3-Doors",6750,80,86109,110,1,0,1600,3,5,1055
"461",461,"TOYOTA Corolla 1.4 16V VVT I HATCHB SOL 2/3-Doors",12500,48,43120,97,1,0,1400,3,5,1030
"74",74,"TOYOTA Corolla 1.4 16V VVT I 3DR TERRA COMFORT 2/3-Doors",15950,20,33329,97,1,0,1400,3,5,1100
"1034",1034,"TOYOTA Corolla 1.6 16V LIFTB LINEA LUNA 4/5-Doors",7850,72,88500,110,1,0,1600,5,5,1075
"747",747,"TOYOTA Corolla 1.3 16V HATCHB LINEA TERRA 2/3-Doors",8500,60,61977,86,1,0,1300,3,5,1015
"135",135,"TOYOTA Corolla 1.6 16V VVT I SEDAN SOL BNS AUT4 4/5-Doors",20950,14,5278,110,1,1,1600,4,5,1150
"390",390,"TOYOTA Corolla 1.6 16V VVT I LIFTB TERRA 4/5-Doors",10250,54,63792,110,1,0,1600,5,5,1075
"221",221,"TOYOTA Corolla 1.4 VVTI L.Terra HB 4/5-Doors",12750,43,46515,97,0,0,1400,5,5,1025
"57",57,"TOYOTA Corolla 1.6 16V VVT I 5DR SOL 4/5-Doors",18950,28,28817,110,1,0,1598,5,5,1130
"1163",1163,"TOYOTA Corolla 1.6 16V LIFTB LINEA TERRA 4/5-Doors",6999,71,64000,110,1,0,1600,5,5,1070
"64",64,"TOYOTA Corolla 1.4 16V VVT I 5DR TERRA 4/5-Doors",14900,30,22000,97,1,0,1400,5,5,1110
"981",981,"TOYOTA Corolla 1.6 16V WAGON LINEA TERRA Stationwagen",8450,75,101159,110,1,0,1600,5,5,1085
"54",54,"TOYOTA Corolla 1.4 16V VVT I 5DR TERRA 4/5-Doors",15950,25,29719,97,1,0,1400,5,5,1110
"654",654,"TOYOTA Corolla 1.6 16V LIFTB LINEA LUNA 4/5-Doors",8950,59,76162,110,1,0,1600,5,5,1075
"1147",1147,"TOYOTA Corolla 1.3 16V SEDAN LINEA TERRA 4/5-Doors",7450,75,67451,86,1,0,1300,4,5,1000
"99",99,"TOYOTA Corolla 1.4 16V VVT I 5DR TERRA COMFORT 4/5-Doors",16250,20,32627,97,1,0,1400,5,5,1110
"1152",1152,"TOYOTA Corolla 1.6 16V LIFTB LINEA LUNA 4/5-Doors",8950,79,66855,110,1,0,1600,5,5,1075
"1027",1027,"TOYOTA Corolla 1.6 16V HATCHB LINEA LUNA 2/3-Doors",8450,70,89983,110,0,0,1600,3,5,1055
"732",732,"TOYOTA Corolla 1.6 16V WAGON LINEA TERRA Stationwagen",9750,67,64613,110,1,0,1600,5,5,1085
"792",792,"TOYOTA Corolla 1.6 16V HATCHB LINEA TERRA 2/3-Doors",8250,67,57000,110,0,0,1600,3,5,1050
"1196",1196,"TOYOTA Corolla 1.6 VVTi Linea Luna 2/3-Doors",8950,80,58000,110,0,0,1600,3,5,1055
"101",101,"TOYOTA Corolla 1.4 16V VVT I 5DR TERRA COMFORT 4/5-Doors",16250,19,29441,97,1,0,1400,5,5,1110
"96",96,"TOYOTA Corolla 1.4 16V VVT I 5DR TERRA COMFORT 4/5-Doors",16500,20,35000,97,1,0,1400,5,5,1110
"771",771,"TOYOTA Corolla LIFTBACK 1.3i Linea Luna Liftback 4/5-Doors",9950,63,59000,86,1,0,1300,5,5,1035
"757",757,"TOYOTA Corolla 1.6 16V WAGON LINEA LUNA Stationwagen",11250,61,61144,110,1,0,1600,5,5,1090
"10",10,"TOYOTA Corolla 1.6 16v L.SOL 2/3-Doors",16750,24,25563,110,0,0,1600,3,5,1065
"750",750,"TOYOTA Corolla 1.6 16V SEDAN LINEA TERRA 4/5-Doors",9795,68,61568,110,1,0,1600,4,5,1035
"701",701,"TOYOTA Corolla 1.3 16V WAGON LINEA TERRA Stationwagen",9900,63,68238,86,0,0,1300,5,5,1050
"605",605,"TOYOTA Corolla 1.3 16V HATCHB G6 2/3-Doors",10500,60,85000,86,1,0,1300,3,5,1025
"1202",1202,"TOYOTA Corolla 1.6 16V LIFTB LINEA TERRA 4/5-Doors",7950,75,57144,110,1,0,1600,5,5,1070
"151",151,"TOYOTA Corolla 1.6 16V VVT I 5DR SOL 4/5-Doors",21500,2,15,110,1,0,1600,5,5,1130
"8",8,"TOYOTA Corolla 1.8 16V VVTLI 3DR T SPORT 2/3-Doors",22750,30,34000,192,1,0,1800,3,5,1185
"1178",1178,"TOYOTA Corolla 1.6 16V SEDAN LINEA TERRA 4/5-Doors",7150,70,61000,110,1,0,1600,4,5,1035
"471",471,"TOYOTA Corolla 1.6 16V VVT I LIFTB SOL 4/5-Doors",13500,50,39706,110,1,0,1600,5,5,1080
"372",372,"TOYOTA Corolla 1.4 16V VVT I HATCHB TERRA 2/3-Doors",9850,53,72000,97,1,0,1400,3,5,1025
"1033",1033,"TOYOTA Corolla 1.6 16V HATCHB LINEA TERRA 2/3-Doors",8950,74,88700,110,1,0,1600,3,5,1050
"680",680,"TOYOTA Corolla 1.3 16V HATCHB LINEA TERRA 2/3-Doors",9450,64,72000,86,1,0,1300,3,5,1015
"1247",1247,"TOYOTA Corolla 1.3 16V HATCHB LINEA TERRA 2/3-Doors",7750,73,39168,86,0,0,1300,3,5,1015
"338",338,"TOYOTA Corolla 1.6 16V VVT I LIFTB SOL 4/5-Doors",10950,54,96100,110,1,0,1600,5,5,1080
"1132",1132,"TOYOTA Corolla 1.6 lb aut 4/5-Doors",6900,80,70939,110,1,1,1600,5,5,1100
"1009",1009,"TOYOTA Corolla 1.6 16V WAGON LINEA TERRA Stationwagen",9950,80,94079,110,1,0,1600,5,5,1085
"226",226,"TOYOTA Corolla 1.6 16V VVT I LIFTB LUNA AUT4 4/5-Doors",13950,40,45600,110,1,1,1600,5,5,1105
"335",335,"TOYOTA Corolla 1.6 16V VVT I WAGON TERRA Stationwagen",11950,51,98040,110,0,0,1600,5,5,1080
"810",810,"TOYOTA Corolla 1.6 16V HATCHB LINEA LUNA 2/3-Doors",9250,61,54000,110,1,0,1600,3,5,1055
"806",806,"TOYOTA Corolla 1.6 16V LIFTB LINEA TERRA 4/5-Doors",8950,68,54875,110,1,0,1600,5,5,1070
"280",280,"TOYOTA Corolla 1.6 16V VVT I HATCHB TERRA 2/3-Doors",12750,43,30742,110,1,0,1600,3,5,1040
"139",139,"TOYOTA Corolla 1.6-16v VVT-i Executive B.edition 4/5-Doors",23750,8,11000,110,1,0,1600,5,5,1130
"663",663,"TOYOTA Corolla 1.6 LB LINEA LUNA 4/5-Doors",7750,68,74875,110,0,0,1600,5,5,1070
"98",98,"TOYOTA Corolla 1.6 vvt-i nw model comfort airco 5drs 4/5-Doors",15850,13,33477,110,1,0,1600,5,5,1075
"32",32,"TOYOTA Corolla 1.4 16V VVT I 3DR 2/3-Doors",13950,22,49059,97,0,0,1400,3,5,1100
"938",938,"TOYOTA Corolla 1.6 16V HATCHB LINEA TERRA 2/3-Doors",7950,74,124057,110,1,0,1600,3,5,1050
"33",33,"TOYOTA Corolla 1.4 16V VVT I 3DR 2/3-Doors",16750,27,44068,97,1,0,1400,3,5,1100
"317",317,"TOYOTA Corolla 1.4 16V VVT I LIFTB LUNA 4/5-Doors",11750,38,16000,97,1,0,1400,5,5,1060
"856",856,"TOYOTA Corolla 1.3 HB LINEA TERRA 2/3-Doors",9950,61,44597,86,0,0,1300,3,5,1015
"577",577,"TOYOTA Corolla 1.3 16V SEDAN LINEA TERRA 4/5-Doors",8250,63,94504,86,1,0,1300,4,5,1000
"1118",1118,"TOYOTA Corolla 1.6 16V LIFTB LINEA TERRA 4/5-Doors",7950,78,72222,110,1,0,1600,5,5,1070
"688",688,"TOYOTA Corolla 1.6 16V LIFTB LINEA LUNA 4/5-Doors",9900,67,70552,110,0,0,1600,5,5,1075
"777",777,"TOYOTA Corolla 1.6 16V LIFTB LINEA TERRA 4/5-Doors",8250,66,58654,110,1,0,1600,5,5,1070
"293",293,"TOYOTA Corolla 1.4 16V VVT I LIFTB TERRA 4/5-Doors",9950,42,27141,97,1,0,1400,5,5,1060
"458",458,"TOYOTA Corolla 1.6 16V VVT I LIFTB SOL 4/5-Doors",12500,56,45336,110,1,0,1600,5,5,1080
"648",648,"TOYOTA Corolla 1.6 16V HATCHB LINEA LUNA 2/3-Doors",9450,63,77457,110,1,0,1600,3,5,1055
"595",595,"TOYOTA Corolla 1.6 16V HATCHB LINEA TERRA 2/3-Doors",8750,57,88480,110,1,0,1600,3,5,1050
"597",597,"TOYOTA Corolla 1.3 16V HATCHB LINEA LUNA 2/3-Doors",6900,62,88000,86,0,0,1300,3,5,1020
"905",905,"TOYOTA Corolla 1.6 Luna LB 4/5-Doors",10500,58,25000,110,1,0,1600,5,5,1075
"384",384,"TOYOTA Corolla 1.4 16V VVT I LIFTB TERRA 4/5-Doors",10900,50,65471,97,1,0,1400,5,5,1060
"111",111,"TOYOTA Corolla 1.6 16V VVT I SEDAN TERRA COMF 4/5-Doors",18500,16,20629,110,1,0,1600,4,5,1090
"485",485,"TOYOTA Corolla 1.6 16V HATCHB LINEA LUNA 2/3-Doors",11710,48,35142,110,0,0,1600,3,5,1055
"208",208,"TOYOTA Corolla 1.6 Linea Terra Sedan 4/5-Doors",13500,41,50856,110,0,0,1600,4,5,1030
"448",448,"TOYOTA Corolla 1.6 16V LIFTB LINEA TERRA 4/5-Doors",10750,56,47211,110,1,0,1600,5,5,1070
"341",341,"TOYOTA Corolla 1.4 16V VVT I HATCHB TERRA 2/3-Doors",8950,53,90200,97,0,0,1400,3,5,1025
"903",903,"TOYOTA Corolla 1.6 16V HATCHB LINEA LUNA AUT4 2/3-Doors",12500,62,26000,107,0,1,1600,3,5,1085
"357",357,"TOYOTA Corolla 1.6 16V VVT I SEDAN TERRA 4/5-Doors",12500,49,77648,110,0,0,1600,4,5,1030
"210",210,"TOYOTA Corolla 1.4 16V VVT I LIFTB LUNA 4/5-Doors",12000,39,50000,97,1,0,1400,5,5,1060
"571",571,"TOYOTA Corolla 1.6 16V HATCHB LINEA TERRA 2/3-Doors",8950,67,96000,110,1,0,1600,3,5,1050
"125",125,"TOYOTA Corolla 1.6 16V VVT I 5DR TERRA COMFORT 4/5-Doors",18900,11,12500,110,1,0,1600,5,5,1115
"884",884,"TOYOTA Corolla 1.3 16V HATCHB S 2/3-Doors",9250,65,35283,86,1,0,1300,3,5,1015
"470",470,"TOYOTA Corolla 1.6 16V VVT I LIFTB SOL 4/5-Doors",11000,47,40000,110,0,0,1600,5,5,1080
"149",149,"TOYOTA Corolla 1.4 16V VVT I 5DR TERRA COMFORT 4/5-Doors",18700,7,450,97,1,0,1400,5,5,1110
"1190",1190,"TOYOTA Corolla 1.6 16V SEDAN LINEA TERRA 4/5-Doors",6495,71,59164,110,0,0,1600,4,5,1035
"897",897,"TOYOTA Corolla 1.6 16V LIFTB LINEA LUNA 4/5-Doors",10450,58,30634,110,1,0,1600,5,5,1075
"608",608,"TOYOTA Corolla 1.6 16V LIFTB LINEA LUNA 4/5-Doors",10450,62,84549,110,0,0,1600,5,5,1075
"380",380,"TOYOTA Corolla 1.4 16V VVT I HATCHB TERRA 2/3-Doors",9950,46,68414,97,0,0,1400,3,5,1025
"1004",1004,"TOYOTA Corolla 1.6 16V LIFTB LINEA TERRA 4/5-Doors",6650,78,95909,110,1,0,1600,5,5,1070
"756",756,"TOYOTA Corolla 1.3 16V LIFTB LINEA LUNA 4/5-Doors",9750,62,61149,86,1,0,1300,5,5,1040
"131",131,"TOYOTA Corolla 1.6 16v VVTi Terra Comfort 4/5-Doors",19500,14,6500,110,1,0,1600,4,5,1100
"1224",1224,"TOYOTA Corolla 1.3 HB LINEA TERRA AUT Anders",8750,76,49170,86,0,0,1300,3,5,1045
"809",809,"TOYOTA Corolla 1.6 Linea Terra Sedan 4/5-Doors",9450,61,54125,110,1,0,1600,5,5,1035
"278",278,"TOYOTA Corolla 1.6I LIFTBACK 4/5-Doors",12900,33,31000,110,1,0,1600,5,5,1075
"327",327,"TOYOTA Corolla 1.4 16V VVT I LIFTB TERRA 4/5-Doors",10950,49,107859,97,0,0,1400,5,5,1060
"1157",1157,"TOYOTA Corolla 1.3 16V HATCHB LINEA TERRA 2/3-Doors",8950,78,65500,86,1,0,1300,3,5,1015
"174",174,"TOYOTA Corolla 1.6 16V VVT I HATCHB TERRA 2/3-Doors",11950,35,65988,110,1,0,1600,3,5,1040
"16",16,"TOYOTA Corolla 1.6 16V VVT I 3DR SOL 2/3-Doors",16250,29,25813,110,1,0,1600,3,5,1120
"365",365,"TOYOTA Corolla 1.4 16V VVT I HATCHB TERRA 2/3-Doors",11450,56,74500,97,0,0,1400,3,5,1025
"956",956,"TOYOTA Corolla 1.3 16V HATCHB S 2/3-Doors",7750,73,111602,86,1,0,1300,3,5,1015
"378",378,"TOYOTA Corolla 1.4 16V VVT I LIFTB SOL 4/5-Doors",10750,46,69574,97,0,0,1400,5,5,1065
"307",307,"TOYOTA Corolla 1.3 16V LIFTB LINEA TERRA 4/5-Doors",10500,41,22780,86,1,0,1300,5,5,1035
"773",773,"TOYOTA Corolla 1.6 16V LIFTB LINEA TERRA 4/5-Doors",9450,61,59000,110,1,0,1600,5,5,1070
"406",406,"TOYOTA Corolla 1.6 16V VVT I SEDAN TERRA 4/5-Doors",11950,54,58745,110,1,0,1600,4,5,1035
"476",476,"TOYOTA Corolla 1.4 16V VVT I HATCHB TERRA 2/3-Doors",9750,56,37461,97,0,0,1400,3,5,1025
"857",857,"TOYOTA Corolla 1.3 16V HATCHB LINEA TERRA 2/3-Doors",9995,68,44458,86,0,0,1300,3,5,1015
"1228",1228,"TOYOTA Corolla LIFTBACK 1.3i Linea Terra Liftback 4/5-Doors",8950,74,48242,86,1,0,1300,5,5,1035
"1220",1220,"TOYOTA Corolla 1.3 16V SEDAN LINEA TERRA 4/5-Doors",8950,70,51874,86,0,0,1300,4,5,1000
"1111",1111,"TOYOTA Corolla 1.3 SDN LINEA TERRA AUT 4/5-Doors",8450,78,73638,86,1,1,1300,4,5,1015
"860",860,"TOYOTA Corolla 1.6 SD TERRA 4/5-Doors",8950,68,43000,110,1,0,1600,5,5,1035
"518",518,"TOYOTA Corolla 1.6 16V WAGON LINEA TERRA Stationwagen",8950,68,140000,110,1,0,1600,5,5,1085
"672",672,"TOYOTA Corolla 1.6 16V HATCHB G6 2/3-Doors",9995,61,73894,110,1,0,1600,3,6,1065
"329",329,"TOYOTA Corolla 1.6 16V LIFTB LINEA LUNA 4/5-Doors",9950,54,103454,110,1,0,1600,5,5,1075
"1063",1063,"TOYOTA Corolla 1.6 16V LIFTB LINEA TERRA 4/5-Doors",7500,71,83291,110,1,0,1600,5,5,1070
"474",474,"TOYOTA Corolla 1.4 16V VVT I HATCHB TERRA 2/3-Doors",8950,47,38900,97,1,0,1400,3,5,1025
"804",804,"TOYOTA Corolla 1.6 16V LIFTB LINEA LUNA 4/5-Doors",10950,57,55000,110,0,0,1600,5,5,1075
"991",991,"TOYOTA Corolla 1.3 16V LIFTB LINEA TERRA 4/5-Doors",8950,69,99374,86,1,0,1300,5,5,1035
"248",248,"TOYOTA Corolla 1.4 16V VVT I HATCHB TERRA 2/3-Doors",9950,44,39000,97,1,0,1400,3,5,1025
"84",84,"TOYOTA Corolla 1.6 16V VVT I 3DR TERRA COMF AUT 2/3-Doors",19450,11,14635,110,1,1,1600,3,5,1155
"185",185,"TOYOTA Corolla 1.6 16V VVT I LIFTB SOL AUT4 4/5-Doors",13950,44,59000,110,0,1,1600,5,5,1110
"854",854,"TOYOTA Corolla 1.6 16V HATCHB LINEA LUNA AUT4 2/3-Doors",9950,61,45000,107,0,1,1600,3,5,1085
"1119",1119,"TOYOTA Corolla 1.6 16V LIFTB LINEA TERRA AUT4 4/5-Doors",8950,71,72128,107,1,1,1600,5,5,1100
"1108",1108,"TOYOTA Corolla 1.6 16V LIFTB LINEA LUNA 4/5-Doors",8800,79,74093,110,1,0,1600,5,5,1075
"685",685,"TOYOTA Corolla 1.6 16V HATCHB LINEA TERRA 2/3-Doors",8950,60,70954,110,0,0,1600,3,5,1050
"92",92,"TOYOTA Corolla 1.6 16V VVT I 5DR SOL 4/5-Doors",18950,20,39115,110,1,0,1600,5,5,1130
"209",209,"TOYOTA Corolla 1.6 16V VVT I LIFTB TERRA 4/5-Doors",12750,40,50640,110,1,0,1600,5,5,1075
"235",235,"TOYOTA Corolla 1.6 16V HATCHB LINEA TERRA 2/3-Doors",10500,35,43000,110,0,0,1600,3,5,1050
"88",88,"TOYOTA Corolla 1.6 16V VVT I 3DR TERRA COMFORT 2/3-Doors",17950,20,7187,110,1,0,1600,3,5,1105
"103",103,"TOYOTA Corolla 1.4 16V VVT I 5DR TERRA COMFORT 4/5-Doors",16500,20,29000,97,0,0,1400,5,5,1110
"858",858,"TOYOTA Corolla 1.6 16V LIFTB LINEA TERRA 4/5-Doors",9950,59,43818,110,0,0,1600,5,5,1070
"852",852,"TOYOTA Corolla 1.3 16V LIFTB LINEA TERRA 4/5-Doors",7950,66,45000,86,1,0,1300,5,5,1035
"119",119,"TOYOTA Corolla 1.6 16V VVT I 5DR SOL BNS 4/5-Doors",19950,19,17038,110,0,0,1600,5,5,1130
"781",781,"TOYOTA Corolla 1.6 16V HATCHB LINEA LUNA AUT4 2/3-Doors",9450,66,58113,107,1,1,1600,3,5,1085
"1038",1038,"TOYOTA Corolla 1.6 16V HATCHB LINEA TERRA 2/3-Doors",7500,73,87358,110,1,0,1600,3,5,1050
"919",919,"TOYOTA Corolla 1.3 16V LIFTB LINEA TERRA 4/5-Doors",6750,73,156169,86,1,0,1300,5,5,1035
"387",387,"TOYOTA Corolla 1.6 sol lb 4/5-Doors",11950,56,65000,110,1,0,1600,5,5,1075
"607",607,"TOYOTA Corolla 1.6 16v Linea Luna Stationwagen",10950,65,84558,110,1,0,1600,5,5,1120
"71",71,"TOYOTA Corolla 1.4 VVTI  (Nw type) 4/5-Doors",14900,30,7000,97,1,0,1400,5,5,1100
"974",974,"TOYOTA Corolla 1.3 16V HATCHB 2/3-Doors",6750,74,104000,86,1,0,1300,3,5,1010
"583",583,"TOYOTA Corolla 1.6 16V HATCHB G6 R 2/3-Doors",9450,65,92226,110,0,0,1600,3,6,1065
"1011",1011,"TOYOTA Corolla 1.3 16V LIFTB LINEA TERRA 4/5-Doors",7200,79,93090,86,1,0,1300,5,5,1035
"710",710,"TOYOTA Corolla 1.3 16V HATCHB LINEA TERRA AUT3 2/3-Doors",10400,68,66785,86,0,1,1300,3,5,1045
"184",184,"TOYOTA Corolla 1.6 VVTI Linea Terra liftback 4/5-Doors",10950,44,60500,110,0,0,1600,5,5,1075
"424",424,"TOYOTA Corolla 1.6 16V VVT I WAGON TERRA Stationwagen",13950,51,53268,110,1,0,1600,5,5,1080
"868",868,"TOYOTA Corolla 1.3 16V SEDAN LINEA TERRA 4/5-Doors",8950,60,40000,86,1,0,1300,4,5,1000
"1149",1149,"TOYOTA Corolla 1.6 16V WAGON LINEA TERRA Stationwagen",8500,78,67255,110,0,0,1600,5,5,1085
"807",807,"TOYOTA Corolla 1.6 16V HATCHB LINEA TERRA 2/3-Doors",8900,67,54847,110,0,0,1600,3,5,1050
"273",273,"TOYOTA Corolla 1.6 16V VVT I LIFTB SOL 4/5-Doors",13950,35,32941,110,1,0,1600,5,5,1080
"1088",1088,"TOYOTA Corolla 1.3 16V HATCHB LINEA TERRA 2/3-Doors",7490,73,76151,86,1,0,1300,3,5,1015
"24",24,"TOYOTA Corolla 1.4 16V VVT I 3DR TERRA COMFORT 2/3-Doors",15950,27,29510,97,1,0,1400,3,5,1100
"463",463,"TOYOTA Corolla 1.4 16V VVT I HATCHB TERRA 2/3-Doors",10750,52,41700,97,1,0,1400,3,5,1025
"544",544,"TOYOTA Corolla 1.6 16V LIFTB LINEA LUNA 4/5-Doors",9500,68,109150,110,0,0,1600,5,5,1075
"503",503,"TOYOTA Corolla 1.4 16V VVT I LIFTB TERRA 4/5-Doors",10950,53,26624,97,0,0,1400,5,5,1060
"874",874,"TOYOTA Corolla 1.6 16V WAGON LINEA TERRA Stationwagen",10950,61,37500,110,0,0,1600,5,5,1085
"749",749,"TOYOTA Corolla 1.6 16V HATCHB LINEA TERRA 2/3-Doors",10950,57,61682,110,0,0,1600,3,5,1050
"1195",1195,"TOYOTA Corolla LIFTBACK 1.6 Linea terra 4/5-Doors",8250,80,58267,110,1,0,1600,5,5,1070
"254",254,"TOYOTA Corolla 1.4 16V VVT I HATCHB TERRA 2/3-Doors",11750,42,38078,97,0,0,1400,3,5,1025
"325",325,"TOYOTA Corolla 1.6 16V VVT I SEDAN TERRA 4/5-Doors",10750,54,115558,110,1,0,1600,4,5,1035
"1016",1016,"TOYOTA Corolla 1.6 16V LIFTB LINEA LUNA AUT4 4/5-Doors",9900,80,92255,107,0,1,1600,5,5,1105
"721",721,"TOYOTA Corolla 1.6 16V HATCHB LINEA TERRA 2/3-Doors",9250,60,65259,110,1,0,1600,3,5,1050
"795",795,"TOYOTA Corolla 1.6 16V HATCHB LINEA TERRA AUT4 2/3-Doors",10950,62,56209,107,1,1,1600,3,5,1080
"912",912,"TOYOTA Corolla 1.6 16V LIFTB LINEA LUNA 4/5-Doors",5950,73,176177,110,1,0,1600,5,5,1075
"1116",1116,"TOYOTA Corolla 1.6 16V HATCHB LINEA TERRA 2/3-Doors",7950,77,72703,110,1,0,1600,3,5,1050
"1150",1150,"TOYOTA Corolla 1.6 16V LIFTB LINEA LUNA 4/5-Doors",8500,70,67100,110,1,0,1600,5,5,1075
"195",195,"TOYOTA Corolla 1.6 GL LB 4/5-Doors",11750,42,55400,110,0,0,1600,5,5,1075
"508",508,"TOYOTA Corolla 1.6 SDN LINEA TERRA 4/5-Doors",10450,50,17619,110,0,0,1600,4,5,1030
"90",90,"TOYOTA Corolla 1.6 16V VVT I 5DR TERRA COMFORT 4/5-Doors",18950,13,57037,110,0,0,1600,5,5,1115
"1172",1172,"TOYOTA Corolla 1.3 16V LIFTB LINEA TERRA AUT3 4/5-Doors",8450,77,61906,86,1,1,1300,5,5,1065
"83",83,"TOYOTA Corolla 1.6 16V VVT I 3DR TERRA COMFORT 2/3-Doors",18500,11,16123,110,1,0,1600,3,5,1105
"133",133,"TOYOTA Corolla 1.6 16V VVT I 5DR SOL 4/5-Doors",19950,14,6000,110,0,0,1600,5,5,1130
"234",234,"TOYOTA Corolla 1.6 16V VVT I LIFTB LUNA 4/5-Doors",13875,39,43254,110,1,0,1600,5,5,1075
"481",481,"TOYOTA Corolla 1.6 16V VVT I LIFTB SOL 4/5-Doors",13000,49,36000,110,0,0,1600,5,5,1080
"602",602,"TOYOTA Corolla 1.6 16V SEDAN LINEA TERRA 4/5-Doors",8950,68,86714,110,1,0,1600,4,5,1035
"136",136,"TOYOTA Corolla 1.6 16V VVT I 5DR SOL 4/5-Doors",20500,12,5000,110,1,0,1600,5,5,1130
"711",711,"TOYOTA Corolla 3drs 13i-16V 2/3-Doors",8800,68,66550,86,0,0,1332,3,5,1010
"1037",1037,"TOYOTA Corolla 1.3 16V HATCHB LINEA TERRA 2/3-Doors",6750,75,87613,86,0,0,1300,3,5,1015
"623",623,"TOYOTA Corolla 1.6 VVTi Linea Luna 4/5-Doors",10450,61,80714,110,1,0,1600,5,5,1075
"121",121,"TOYOTA Corolla 1.6 16V VVT I 5DR TERRA COMFORT 4/5-Doors",19500,12,13634,110,1,0,1600,5,5,1115
"906",906,"TOYOTA Corolla 1.6 16V HATCHB LINEA TERRA 2/3-Doors",9245,66,22835,110,1,0,1600,3,5,1050
"549",549,"TOYOTA Corolla 1.3 16V LIFTB G6 4/5-Doors",8500,62,105000,86,0,0,1300,5,5,1040
"1060",1060,"TOYOTA Corolla 1.6 16V HATCHB LINEA LUNA 2/3-Doors",8700,75,83850,110,1,0,1600,3,5,1055
"285",285,"TOYOTA Corolla 1.4 16V VVT I LIFTB LUNA 4/5-Doors",11950,41,29056,97,1,0,1400,5,5,1060
"196",196,"TOYOTA Corolla 1.6 16V VVT I LIFTB TERRA 4/5-Doors",11750,33,55350,110,0,0,1600,5,5,1075
"48",48,"TOYOTA Corolla 1.6 16V VVT I 5DR SOL 4/5-Doors",18750,31,36544,110,1,0,1600,5,5,1130
"192",192,"TOYOTA Corolla 1.6 16V HATCHB LINEA TERRA 2/3-Doors",11950,42,55968,110,0,0,1600,3,5,1050
"835",835,"TOYOTA Corolla 1.6 16V SEDAN LINEA TERRA 4/5-Doors",9500,62,49258,110,1,0,1600,4,5,1035
"656",656,"TOYOTA Corolla 1.3 16V HATCHB LINEA TERRA 2/3-Doors",8950,61,75609,86,1,0,1300,3,5,1015
"604",604,"TOYOTA Corolla 1.6 Terra HB 2/3-Doors",10450,62,85000,110,1,0,1600,3,5,1050
"1168",1168,"TOYOTA Corolla 1.6 16V SEDAN LINEA TERRA 4/5-Doors",9000,80,63266,110,1,0,1600,4,5,1035
"967",967,"TOYOTA Corolla 1.3 HB LINEA TERRA 2/3-Doors",8750,71,106150,86,0,0,1300,3,5,1015
"1135",1135,"TOYOTA Corolla 1.6 WGN LINEA TERRA Stationwagen",7500,73,70482,110,1,0,1600,5,5,1075
"1249",1249,"TOYOTA Corolla 1.6 SDN LINEA TERRA AUT 4/5-Doors",8150,76,36537,110,0,1,1600,4,5,1075
"373",373,"TOYOTA Corolla 1.6 16V VVT I SEDAN TERRA 4/5-Doors",10950,54,71725,110,1,0,1600,4,5,1035
"825",825,"TOYOTA Corolla 1.6 Linea Luna Aut. 4/5-Doors",10950,58,51421,110,0,1,1600,5,3,1105
"468",468,"TOYOTA Corolla 1.6 16V VVT I HATCHB G6 4/5-Doors",11950,47,40361,110,1,0,1600,5,5,1090
"217",217,"TOYOTA Corolla 1.6 Terra LB 4/5-Doors",13500,43,48000,110,1,0,1600,5,5,1075
"864",864,"TOYOTA Corolla 1.6 16V LIFTB LINEA LUNA 4/5-Doors",9950,67,42102,110,1,0,1600,5,5,1075
"551",551,"TOYOTA Corolla 1.3 16V HATCHB LINEA LUNA 2/3-Doors",9250,67,104000,86,0,0,1300,3,5,1020
"947",947,"TOYOTA Corolla 1.6 16V WAGON LINEA TERRA Stationwagen",8500,71,120000,110,0,0,1600,5,5,1085
"645",645,"TOYOTA Corolla 1.6 16V LIFTB LINEA LUNA 4/5-Doors",10950,67,77821,110,1,0,1600,5,5,1075
"75",75,"TOYOTA Corolla 1.6 16v VVT-i Linea Sol 2/3-Doors",18900,20,31850,110,0,0,1600,3,5,1120
"652",652,"TOYOTA Corolla 1.3 16V LIFTB LINEA TERRA 4/5-Doors",9950,61,76700,86,1,0,1300,5,5,1035
"1083",1083,"TOYOTA Corolla 1.6 16V LIFTB LINEA LUNA 4/5-Doors",7950,72,78120,110,1,0,1600,5,5,1075
"598",598,"TOYOTA Corolla 1.3 16V HATCHB LINEA TERRA 2/3-Doors",8150,65,87821,86,1,0,1300,3,5,1015
"524",524,"TOYOTA Corolla 1.6 16V HATCHB LINEA LUNA 2/3-Doors",9950,68,119541,110,0,0,1600,3,5,1055
"803",803,"TOYOTA Corolla 1.3 Hatchback 2/3-Doors",8950,65,55000,86,1,0,1300,3,5,1015
"1125",1125,"TOYOTA Corolla 1.6 Terra LB 4/5-Doors",6950,80,71740,110,1,0,1600,5,5,1070
"1191",1191,"TOYOTA Corolla 1.6 16V HATCHB LINEA TERRA AUT4 2/3-Doors",8250,70,59017,107,1,1,1600,3,5,1080
"171",171,"TOYOTA Corolla 1.6 16V VVT I LIFTB LUNA 4/5-Doors",11950,40,73042,110,1,0,1598,5,5,1075
"1233",1233,"TOYOTA Corolla 1.6 16V HATCHB LINEA TERRA 2/3-Doors",8500,77,45507,110,1,0,1600,3,5,1050
"169",169,"TOYOTA Corolla 1.6 Terra LB 4/5-Doors",11950,43,74285,110,1,0,1600,5,5,1075
"638",638,"TOYOTA Corolla 1.6 16V LIFTB LINEA LUNA 4/5-Doors",10500,60,79150,110,1,0,1600,5,5,1075
"1105",1105,"TOYOTA Corolla 1.6 16V LIFTB LINEA LUNA 4/5-Doors",9000,80,74196,110,0,0,1600,5,5,1075
"1199",1199,"TOYOTA Corolla 1.6 16V LIFTB LINEA LUNA 4/5-Doors",8900,78,57628,110,0,0,1600,5,5,1075
"989",989,"TOYOTA Corolla 1.6 16V HATCHB S 2/3-Doors",7950,73,99971,110,1,0,1600,3,5,1050
"91",91,"TOYOTA Corolla 1.6 16V VVT I 5DR TERRA 4/5-Doors",16350,14,40010,110,1,0,1600,5,5,1115
"100",100,"TOYOTA Corolla 1.4 16V VVT I 5DR TERRA COMFORT 4/5-Doors",15950,20,29797,97,1,0,1400,5,5,1110
"527",527,"TOYOTA Corolla 1.6 16V HATCHB G6 2/3-Doors",10950,57,118833,110,0,0,1600,3,6,1065
"333",333,"TOYOTA Corolla 1.6 16v TERRA 4/5-Doors",7900,50,99865,110,1,0,1600,4,5,1035
"1021",1021,"TOYOTA Corolla 1.6 16V HATCHB LINEA TERRA 2/3-Doors",7450,75,91082,110,1,0,1600,3,5,1050
"752",752,"TOYOTA Corolla 1.6 HB Linea Terra 2/3-Doors",8250,65,61384,110,1,0,1600,3,5,1050
"1040",1040,"TOYOTA Corolla 1.6 16V SEDAN LINEA TERRA 4/5-Doors",7950,70,87000,110,1,0,1600,4,5,1035
"355",355,"TOYOTA Corolla 1.6 16V VVT I LIFTB TERRA 4/5-Doors",9750,48,78600,110,1,0,1600,5,5,1075
"541",541,"TOYOTA Corolla 1.6 Linea Luna 2/3-Doors",9500,68,110287,110,1,0,1600,3,5,1050
"67",67,"TOYOTA Corolla 1.4 16V VVT I 5DR 4/5-Doors",15450,25,17003,97,1,0,1400,5,5,1110
"764",764,"TOYOTA Corolla 1.6 16V HATCHB LINEA TERRA 2/3-Doors",8950,61,60532,110,1,0,1600,3,5,1050
"830",830,"TOYOTA Corolla 1.6 16V LIFTB LINEA TERRA 4/5-Doors",8750,59,50469,110,1,0,1600,5,5,1070
"38",38,"TOYOTA Corolla 1.6 16V VVT I 5DR SOL AUT4 4/5-Doors",20500,26,56000,110,1,1,1600,5,5,1180
"839",839,"TOYOTA Corolla 1.3 16V HATCHB LINEA TERRA 2/3-Doors",9950,63,47612,86,0,0,1300,3,5,1015
"822",822,"TOYOTA Corolla 1.3 16V HATCHB LINEA TERRA 2/3-Doors",9250,66,52383,86,0,0,1300,3,5,1015
"841",841,"TOYOTA Corolla 1.6 Linea Terra Comfort HB 2/3-Doors",9500,66,47237,110,0,0,1600,3,5,1050
"943",943,"TOYOTA Corolla 1.6 16V HATCHB LINEA TERRA 2/3-Doors",7450,77,122290,110,0,0,1600,3,5,1050
"219",219,"TOYOTA Corolla 1.4 16V VVT I LIFTB LUNA 4/5-Doors",13450,39,46821,97,1,0,1400,5,5,1060
"1031",1031,"TOYOTA Corolla 1.3 16V HATCHB LINEA TERRA 2/3-Doors",7450,75,89507,86,0,0,1300,3,5,1015
"1194",1194,"TOYOTA Corolla 1.3 16V SEDAN LINEA TERRA AUT3 4/5-Doors",7950,75,58341,86,1,1,1300,4,5,1030
"821",821,"TOYOTA Corolla 1.6 16V SEDAN LINEA TERRA 4/5-Doors",8400,60,52487,110,1,0,1600,4,5,1035
"1018",1018,"TOYOTA Corolla 1.3 Linea Luna Hatchback 2/3-Doors",8950,72,91921,86,1,0,1300,3,5,1020
"382",382,"TOYOTA Corolla 1.6 16V VVT I WAGON TERRA Stationwagen",13950,52,66527,110,1,0,1600,5,5,1080
"1041",1041,"TOYOTA Corolla 1.6 16V SEDAN LINEA TERRA 4/5-Doors",7250,78,87000,110,1,0,1600,4,5,1035
"258",258,"TOYOTA Corolla 1.6 16V VVT I LIFTB SOL 4/5-Doors",12950,44,37389,110,1,0,1600,5,5,1080
"789",789,"TOYOTA Corolla 1.6 16V HATCHB G6 2/3-Doors",9995,61,57169,110,1,0,1600,3,6,1065
"63",63,"TOYOTA Corolla 1.6 16V VVT I 5DR TERRA 4/5-Doors",16895,29,22575,110,1,0,1600,5,5,1115
"775",775,"TOYOTA Corolla 1.6 16V HATCHB LINEA LUNA 2/3-Doors",9750,68,58860,110,1,0,1600,3,5,1055
"298",298,"TOYOTA Corolla 1.6 16V VVT I SEDAN TERRA AUT4 4/5-Doors",12695,39,24723,110,1,1,1600,4,5,1060
"552",552,"TOYOTA Corolla 1.3 LIN. Terra 2/3-Doors",6900,68,104000,86,1,0,1300,3,5,1015
"1250",1250,"TOYOTA Corolla 1.3 16V HATCHB LINEA TERRA AUT3 2/3-Doors",8500,78,36000,86,0,1,1300,3,5,1045
"1176",1176,"TOYOTA Corolla 1.6 16V SEDAN LINEA TERRA 4/5-Doors",7450,70,61510,110,0,0,1600,4,5,1035
"999",999,"TOYOTA Corolla 1.6 16V WAGON LINEA TERRA Stationwagen",8900,73,97085,110,1,0,1600,5,5,1085
"47",47,"TOYOTA Corolla 1.6 16V VVT I 5DR SOL 4/5-Doors",16500,27,37177,110,0,0,1600,5,5,1130
"908",908,"TOYOTA Corolla 1.3 16V HATCHB LINEA TERRA 2/3-Doors",9500,63,22178,86,1,0,1300,3,5,1015
"1013",1013,"TOYOTA Corolla 1.6 16V HATCHB GTSI 2/3-Doors",8950,79,93039,110,1,0,1600,3,5,1050
"769",769,"TOYOTA Corolla 1.3 16V HATCHB LINEA TERRA 2/3-Doors",7500,65,59264,86,0,0,1300,3,5,1015
"232",232,"TOYOTA Corolla 1.6 16V VVT I WAGON BLUE Stationwagen",12950,43,43632,110,1,0,1600,5,5,1075
"28",28,"TOYOTA Corolla 1.4 16V VVT I 3DR TERRA COMFORT 2/3-Doors",15950,25,25000,97,0,0,1400,3,5,1100
"924",924,"TOYOTA Corolla 1.3 16V WAGON LINEA TERRA Stationwagen",8950,79,138500,86,0,0,1300,5,5,1050
"502",502,"TOYOTA Corolla 1.6 16V VVT I HATCHB TERRA 2/3-Doors",10950,48,26938,110,1,0,1600,3,5,1040
"667",667,"TOYOTA Corolla 1.3 16V LIFTB LINEA TERRA 4/5-Doors",11950,60,74337,86,0,0,1300,5,5,1035
"19",19,"TOYOTA Corolla 1.6 16V VVT I 3DR SOL 2/3-Doors",15750,29,41415,110,1,0,1600,3,5,1120
"780",780,"TOYOTA Corolla 1.6 16V LIFTB LINEA LUNA 4/5-Doors",9950,64,58136,110,1,0,1600,5,5,1075
"223",223,"TOYOTA Corolla 1.4 16V VVT I LIFTB LUNA 4/5-Doors",12950,35,46304,97,1,0,1400,5,5,1060
"1094",1094,"TOYOTA Corolla 1.3 Linea Terra wagon Stationwagen",8450,78,75323,86,1,0,1300,5,5,1050
"505",505,"TOYOTA Corolla LIFTBACK 1.4 16V VVTI TERRA 4/5-Doors",10950,50,22648,97,1,0,1400,5,5,1060
"328",328,"TOYOTA Corolla 1.4 16V VVT I HATCHB TERRA 2/3-Doors",9450,52,104805,97,1,0,1400,3,5,1025
"926",926,"TOYOTA Corolla 1.6 16V HATCHB LINEA TERRA 2/3-Doors",6950,77,131307,110,1,0,1600,3,5,1050
"29",29,"TOYOTA Corolla 1.4 16V VVT I 3DR TERRA 2/3-Doors",14950,23,10000,97,1,0,1400,3,5,1100
"539",539,"TOYOTA Corolla 1.6 16V HATCHB G6 2/3-Doors",9750,65,111769,110,0,0,1600,3,6,1065
"838",838,"TOYOTA Corolla 1.3 16V LIFTB LINEA LUNA 4/5-Doors",10500,62,47750,86,1,0,1300,5,5,1040
"603",603,"TOYOTA Corolla 1.6 G6 HB 2/3-Doors",11500,65,85889,110,0,0,1600,3,6,1065
"389",389,"TOYOTA Corolla 1.4 16V VVT I HATCHB TERRA 2/3-Doors",8950,54,64000,97,1,0,1400,3,5,1025
"200",200,"TOYOTA Corolla 1.6 Terra 5-Doors Liftback 4/5-Doors",9940,39,53644,110,1,0,1600,5,5,1075
"580",580,"TOYOTA Corolla 1.6 16V WAGON LINEA LUNA Stationwagen",9900,68,93296,110,1,0,1600,5,5,1090
"1171",1171,"TOYOTA Corolla 1.6 16V LIFTB LINEA LUNA 4/5-Doors",8500,77,62285,110,1,0,1600,5,5,1075
"1012",1012,"TOYOTA Corolla 1.6 16V LIFTB LINEA LUNA 4/5-Doors",8250,72,93066,110,1,0,1600,5,5,1075
"725",725,"TOYOTA Corolla 1.3-16V Luna 2/3-Doors",8950,62,64966,86,0,0,1300,3,5,1020
"543",543,"TOYOTA Corolla 1.6 16V HATCHB LINEA TERRA 2/3-Doors",7750,63,109230,110,0,0,1600,3,5,1050
"694",694,"TOYOTA Corolla 1.3 16V L. TERRA COMFORT 2/3-Doors",6950,68,70000,86,1,0,1300,3,5,1015
"59",59,"TOYOTA Corolla 1.6 16V VVT I 5DR SOL 4/5-Doors",19950,28,28000,110,0,0,1600,5,5,1130
"613",613,"TOYOTA Corolla 1.3 16V HATCHB LINEA TERRA 2/3-Doors",8250,64,82723,86,0,0,1300,3,5,1015
"575",575,"TOYOTA Corolla 1.6-16v Linea Terra 2/3-Doors",7999,65,95000,110,1,0,1600,3,5,1050
"276",276,"TOYOTA Corolla 1.4 16V VVT I LIFTB LUNA 4/5-Doors",12400,34,32431,97,1,0,1400,5,5,1060
"1025",1025,"TOYOTA Corolla 1.3 16V HATCHB LINEA TERRA AUT3 2/3-Doors",7950,78,90011,86,0,1,1300,3,5,1045
"147",147,"TOYOTA Corolla 1.6 16V VVT I 5DR EXEC 4/5-Doors",22500,6,3000,110,0,0,1600,5,5,1130
"891",891,"TOYOTA Corolla 1.6 16V HATCHB LINEA TERRA 2/3-Doors",10450,65,33000,110,0,0,1600,3,5,1050
"1085",1085,"TOYOTA Corolla 1.6 16V HATCHB GTSI 2/3-Doors",8000,78,77000,110,0,0,1600,3,5,1050
"377",377,"TOYOTA Corolla 1.3 16V HATCHB G6 2/3-Doors",11950,49,69659,86,0,0,1300,3,6,1025
"417",417,"TOYOTA Corolla 1.6 16V VVT I LIFTB TERRA 4/5-Doors",11500,54,55877,110,1,0,1600,5,5,1075
"472",472,"TOYOTA Corolla 1.6 16V VVT I HATCHB TERRA 2/3-Doors",10950,54,39291,110,1,0,1600,3,5,1040
"1170",1170,"TOYOTA Corolla 1.6 16V LIFTB LINEA LUNA 4/5-Doors",6950,80,62581,110,0,0,1600,5,5,1075
"360",360,"TOYOTA Corolla 1.6 16V VVT I SEDAN TERRA 4/5-Doors",11450,46,75249,110,1,0,1600,4,5,1035
"1139",1139,"TOYOTA Corolla 1.3 HB Linea Terra 2/3-Doors",7950,75,69388,86,0,0,1300,3,5,1010
"34",34,"TOYOTA Corolla 1.4 16V VVT I 3DR 2/3-Doors",13950,22,46961,97,0,0,1400,3,5,1100
"975",975,"TOYOTA Corolla 1.3 16V LIFTB LINEA TERRA 4/5-Doors",7950,73,103121,86,1,0,1300,5,5,1035
"965",965,"TOYOTA Corolla 1.6 16V HATCHB LINEA TERRA 2/3-Doors",9950,75,107000,110,1,0,1600,3,5,1050
"141",141,"TOYOTA Corolla 1.4 16V VVT I 5DR LUNA 4/5-Doors",18950,8,10000,97,1,0,1400,5,5,1110
"456",456,"TOYOTA Corolla 1.6 16V VVT I WAGON TERRA Stationwagen",12950,50,45900,110,1,0,1600,5,5,1075
"457",457,"TOYOTA Corolla 1.4 16V VVT I LIFTB TERRA 4/5-Doors",10950,47,45850,97,0,0,1400,5,5,1060
"925",925,"TOYOTA Corolla 1.6 16V LIFTB LINEA TERRA 4/5-Doors",7750,73,134539,110,0,0,1600,5,5,1070
"567",567,"TOYOTA Corolla 1.6 16V HATCHB G6 2/3-Doors",9950,61,97648,110,1,0,1600,3,6,1065
"381",381,"TOYOTA Corolla 1.6 16V WAGON LINEA LUNA Stationwagen",11950,56,66777,110,0,0,1600,5,5,1090
"616",616,"TOYOTA Corolla Linea Luna 1.6i 16V 2/3-Doors",8950,61,82115,110,1,0,1600,3,5,1055
"740",740,"TOYOTA Corolla 1.6 16V LIFTB LINEA LUNA 4/5-Doors",9450,62,62377,110,1,0,1600,5,5,1075
"628",628,"TOYOTA Corolla 1.3 16V HATCHB LINEA TERRA 2/3-Doors",8750,62,80265,86,0,0,1300,3,5,1015
"758",758,"TOYOTA Corolla 1.6 16V HATCHB LINEA TERRA 2/3-Doors",8900,59,61127,110,1,0,1600,3,5,1050
"816",816,"TOYOTA Corolla LIFTBACK 1.6-16v Linea Luna 2/3-Doors",8950,68,53000,110,1,1,1587,3,5,1075
"808",808,"TOYOTA Corolla 1.6 16V HATCHB G6 2/3-Doors",10250,60,54554,110,1,0,1600,3,6,1065
"489",489,"TOYOTA Corolla 1.6 16v Liftback Linea Sol 4/5-Doors",11950,56,33998,110,0,0,1600,5,5,1080
"1098",1098,"TOYOTA Corolla 1.6 16V LIFTB LINEA LUNA 4/5-Doors",8500,73,75000,110,0,0,1600,5,5,1075
"13",13,"TOYOTA Corolla 1.6 16V VVT I 3DR SOL AUT4 2/3-Doors",16950,29,43905,110,0,1,1600,3,5,1170
"726",726,"TOYOTA Corolla 1.6 16V LIFTB LINEA LUNA 4/5-Doors",9950,68,64950,110,1,0,1600,5,5,1075
"998",998,"TOYOTA Corolla 1.6 16V WAGON LINEA TERRA Stationwagen",8950,73,97494,110,1,0,1600,5,5,1085
"765",765,"TOYOTA Corolla 1.3 16V SEDAN LINEA TERRA AUT3 4/5-Doors",8250,67,60000,86,0,1,1300,4,5,1030
"556",556,"TOYOTA Corolla 1.6 16V WAGON LINEA LUNA Stationwagen",9895,68,102494,110,0,0,1600,5,5,1090
"1198",1198,"TOYOTA Corolla 1.3 16V HATCHB LINEA TERRA 2/3-Doors",8250,80,57787,86,0,0,1300,3,5,1015
"1141",1141,"TOYOTA Corolla 1.6 16V LIFTB LINEA LUNA 4/5-Doors",9250,78,69000,110,1,0,1600,5,5,1075
"1128",1128,"TOYOTA Corolla 1.3 16v linea terra ",5950,79,71263,86,0,0,1300,3,5,1015
"994",994,"TOYOTA Corolla 1.6 16V S-uitvoering 2/3-Doors",8450,71,98154,110,1,0,1600,3,5,1050
"1261",1261,"TOYOTA Corolla 1.3 16V HATCHB LINEA TERRA 2/3-Doors",10845,72,19000,86,0,0,1300,3,5,1015
"1188",1188,"TOYOTA Corolla 1.6 16V WAGON LINEA TERRA Stationwagen",8750,80,59326,110,1,0,1600,5,5,1085
"661",661,"TOYOTA Corolla 1.6 16V HATCHB LINEA LUNA AUT4 2/3-Doors",9500,66,74963,107,0,1,1600,3,5,1085
"394",394,"TOYOTA Corolla 1.6 SDN LINEA SOL 4/5-Doors",11500,55,63000,110,0,0,1600,4,5,1035
"772",772,"TOYOTA Corolla 1.6 VVTi Linea Luna Lift 4/5-Doors",9750,65,59000,110,0,0,1600,5,5,1075
"41",41,"TOYOTA Corolla 1.6 16V VVT I LIFTB LUNA 4/5-Doors",13250,32,45725,110,1,0,1600,5,5,1075
"1035",1035,"TOYOTA Corolla 1.6 16V HATCHB S 2/3-Doors",7200,75,88000,110,1,0,1600,3,5,1050
"81",81,"TOYOTA Corolla 1.4 16V VVT I 3DR TERRA COMFORT 2/3-Doors",16250,19,19200,97,1,0,1400,3,5,1100
"60",60,"TOYOTA Corolla 1.6 16V VVT I 5DR TERRA COMFORT 4/5-Doors",16950,23,28000,110,1,0,1600,5,5,1115
"590",590,"TOYOTA Corolla 1.3 16V HATCHB G6 2/3-Doors",9750,64,89145,86,1,0,1300,3,5,1025
"340",340,"TOYOTA Corolla 1.6 16V VVT I HATCHB G6 2/3-Doors",10500,49,91340,110,1,0,1600,3,5,1055
"1242",1242,"TOYOTA Corolla 1.6 16V LIFTB LINEA TERRA AUT4 4/5-Doors",8750,74,42317,107,1,1,1600,5,5,1100
"1165",1165,"TOYOTA Corolla 1.6 Linea Terra Sedan 4/5-Doors",8500,79,63918,110,0,0,1600,4,5,1035
"22",22,"TOYOTA Corolla 1.4 VVTI Linea Terra 2/3-Doors",12950,29,9750,97,1,0,1400,3,5,1100
"158",158,"TOYOTA Corolla 1.6 16V VVT I LIFTB LUNA 4/5-Doors",10500,42,92204,110,1,0,1600,5,5,1075
"700",700,"TOYOTA Corolla 1.6 16V LIFTB LINEA TERRA 4/5-Doors",8950,63,68453,110,1,0,1600,5,5,1070
"150",150,"TOYOTA Corolla 1.4 16V 5DR TERRA 4/5-Doors",21125,2,225,97,1,0,1400,5,5,1110
"211",211,"TOYOTA Corolla 1.6 16V VVT I LIFTB LUNA 4/5-Doors",11950,38,49500,110,1,0,1600,5,5,1075
"1203",1203,"TOYOTA Corolla 1.3 16V HATCHB G6 2/3-Doors",8600,69,57096,86,1,0,1300,3,5,1025
"529",529,"TOYOTA Corolla 1.3 16V HATCHB LINEA TERRA 2/3-Doors",7250,65,117609,86,0,0,1300,3,5,1015
"97",97,"TOYOTA Corolla 1.4 16V VVT I 5DR SOL 4/5-Doors",17950,17,33740,97,1,0,1400,5,5,1135
"702",702,"TOYOTA Corolla 1.6 16V WAGON LINEA TERRA Stationwagen",10995,63,68153,110,1,0,1600,5,5,1085
"218",218,"TOYOTA Corolla 1.6 16V VVT I WAGON TERRA Stationwagen",11480,41,47350,110,1,0,1600,5,5,1075
"246",246,"TOYOTA Corolla 1.4 16V VVT I LIFTB TERRA 4/5-Doors",13950,44,39516,97,1,0,1400,5,5,1060
"412",412,"TOYOTA Corolla 1.6 16V VVT I LIFTB SOL 4/5-Doors",9700,51,57645,110,0,0,1600,5,5,1080
"1254",1254,"TOYOTA Corolla 1.3 Linea Terra sedan 4/5-Doors",7950,80,34000,86,1,0,1300,4,5,1000
"15",15,"TOYOTA Corolla 1.6 16V VVT I 3DR SOL 2/3-Doors",16950,28,32220,110,1,0,1600,3,5,1120
"774",774,"TOYOTA Corolla 1.6 16V HATCHB LINEA TERRA 2/3-Doors",9950,65,59000,110,0,0,1600,3,5,1050
"907",907,"TOYOTA Corolla 1.6 16V LIFTB LINEA LUNA 4/5-Doors",10950,59,22705,110,1,0,1600,5,5,1075
"831",831,"TOYOTA Corolla 1.6 16V LIFTB LINEA LUNA 4/5-Doors",9750,61,50173,110,1,0,1600,5,5,1075
"578",578,"TOYOTA Corolla 1.6 16V LIFTB LINEA LUNA 4/5-Doors",10500,65,93428,110,1,0,1600,5,5,1075
"689",689,"TOYOTA Corolla 1.6 16v VVTi Terra Comfort 4/5-Doors",8950,62,70500,110,1,0,1600,5,5,1035
"633",633,"TOYOTA Corolla 1.3 LB LINEA TERRA 4/5-Doors",7950,60,80000,86,0,0,1300,5,5,1015
"730",730,"TOYOTA Corolla 1.3 16V HATCHB LINEA LUNA 2/3-Doors",9750,63,64690,86,0,0,1300,3,5,1020
"582",582,"TOYOTA Corolla 1.6 16V HATCHB LINEA TERRA 2/3-Doors",9500,61,92498,110,1,0,1600,3,5,1050
"557",557,"TOYOTA Corolla 1.6 16V HATCHB LINEA TERRA 2/3-Doors",7950,61,102106,110,0,0,1600,3,5,1050
"498",498,"TOYOTA Corolla 1.3 16V HATCHB G6 2/3-Doors",9950,55,29650,86,0,0,1300,3,6,1025
"242",242,"TOYOTA Corolla 1.6 16V VVT I LIFTB TERRA 4/5-Doors",12750,37,39757,110,1,0,1600,5,5,1075
"27",27,"TOYOTA Corolla 1.4 16V VVT I 3DR TERRA COMFORT 2/3-Doors",15750,26,43000,97,0,0,1400,3,5,1100
"233",233,"TOYOTA Corolla 1.6 16V VVT I HATCHB TERRA 2/3-Doors",12500,36,43427,110,1,0,1600,3,5,1040
"918",918,"TOYOTA Corolla 1.3 16V HATCHB LINEA TERRA 2/3-Doors",6550,73,158492,86,0,0,1300,3,5,1015
"542",542,"TOYOTA Corolla 1.6 16V LIFTB LINEA LUNA 4/5-Doors",9950,62,109547,110,0,0,1600,5,5,1075
"231",231,"TOYOTA Corolla 1.4 16V VVT I LIFTB TERRA 4/5-Doors",11895,44,44218,97,1,0,1400,5,5,1060
"194",194,"TOYOTA Corolla 1.6 16V WAGON LINEA TERRA Stationwagen",13500,43,55539,110,1,0,1600,5,5,1085
"482",482,"TOYOTA Corolla 1.6 16V VVT I HATCHB TERRA AUT4 2/3-Doors",12950,45,36000,110,1,1,1600,3,5,1070
"535",535,"TOYOTA Corolla 1.3 16V HATCHB LINEA LUNA 2/3-Doors",9950,67,113118,86,1,0,1300,3,5,1020
"290",290,"TOYOTA Corolla 1.6 16V VVT I HATCHB TERRA 2/3-Doors",12950,43,27301,110,1,0,1600,3,5,1040
"987",987,"TOYOTA Corolla 1.6 16V HATCHB LINEA TERRA 2/3-Doors",7795,75,100192,110,1,0,1600,3,5,1050
"66",66,"TOYOTA Corolla 1.6 16V VVT I 5DR TERRA 4/5-Doors",17250,29,20000,110,1,0,1600,5,5,1115
"942",942,"TOYOTA Corolla 1.3 16V LIFTB LINEA LUNA 4/5-Doors",7250,80,122820,86,0,0,1300,5,5,1040
"600",600,"TOYOTA Corolla 1.6 16V HATCHB LINEA TERRA 2/3-Doors",8900,59,86888,110,1,0,1600,3,5,1050
"708",708,"TOYOTA Corolla 1.6 16V HATCHB G6 2/3-Doors",9950,59,67010,110,1,0,1600,3,6,1065
"1179",1179,"TOYOTA Corolla 1.6 16V SEDAN LINEA TERRA 4/5-Doors",7750,76,60833,110,1,0,1600,4,5,1035
"1241",1241,"TOYOTA Corolla 1.6 16V HATCHB LINEA TERRA 2/3-Doors",9950,69,42800,110,1,0,1600,3,5,1050
"371",371,"TOYOTA Corolla 1.6 16V VVT I HATCHB TERRA AUT4 2/3-Doors",11950,50,72242,110,0,1,1600,3,5,1070
"1154",1154,"TOYOTA Corolla 1.6HB 2/3-Doors",8500,74,66718,110,1,0,1600,3,5,1050
"553",553,"TOYOTA Corolla 1.3 16V HATCHB G6 2/3-Doors",8950,58,103458,86,1,0,1300,3,5,1025
"240",240,"TOYOTA Corolla 1.6 16V VVT I LIFTB LUNA 4/5-Doors",13995,35,41000,110,1,0,1600,5,5,1075
"1214",1214,"TOYOTA Corolla 1.6 16V HATCHB LINEA TERRA 2/3-Doors",8250,80,52700,110,0,0,1600,3,5,1050
"979",979,"TOYOTA Corolla 1.6 16V LIFTB LINEA TERRA 4/5-Doors",6450,75,101855,110,1,0,1600,5,5,1070
"1148",1148,"TOYOTA Corolla 1.3 16V LIFTB LINEA TERRA 4/5-Doors",8250,76,67266,86,1,0,1300,5,5,1035
"968",968,"TOYOTA Corolla 1.6 16V HATCHB S 2/3-Doors",7750,72,106108,110,1,0,1600,3,5,1050
"1127",1127,"TOYOTA Corolla 1.6 16V HATCHB LINEA TERRA 2/3-Doors",7750,79,71359,110,1,0,1600,3,5,1050
"894",894,"TOYOTA Corolla 1.6 16V HATCHB G6 R 2/3-Doors",10750,60,31480,110,1,0,1600,3,6,1065
"844",844,"TOYOTA Corolla 1.3 16V HATCHB LINEA TERRA 2/3-Doors",8950,65,47014,86,1,0,1300,3,5,1015
"563",563,"TOYOTA Corolla 1.6 16V WAGON LINEA TERRA Stationwagen",9450,67,99781,110,1,0,1600,5,5,1085
"292",292,"TOYOTA Corolla 1.4 16V VVT I LIFTB TERRA 4/5-Doors",11895,39,27170,97,1,0,1400,5,5,1060
"997",997,"TOYOTA Corolla 1.6 LINEA TERRA 4/5-Doors",8900,78,97534,110,1,0,1600,5,5,1070
"450",450,"TOYOTA Corolla 1.3 Linea Terra liftback 4/5-Doors",10950,56,46500,86,0,0,1300,5,5,1035
"523",523,"TOYOTA Corolla 1.6 16V WAGON LINEA LUNA Stationwagen",10450,64,120400,110,0,0,1600,5,5,1090
"622",622,"TOYOTA Corolla 1.3 16V HATCHB LINEA TERRA 2/3-Doors",8750,66,81083,86,0,0,1300,3,5,1015
"35",35,"TOYOTA Corolla 1.4 16V VVT I 5DR TERRA COMFORT 4/5-Doors",15800,22,75048,97,1,0,1400,5,5,1110
"1072",1072,"TOYOTA Corolla 1.6 Linea Luna 4/5-Doors",8950,71,82000,110,1,0,1600,5,5,1075
"213",213,"TOYOTA Corolla 1.6 16V VVT I HATCHB TERRA 2/3-Doors",12450,34,49291,110,1,0,1600,3,5,1040
"511",511,"TOYOTA Corolla 1.4 16V VVT I LIFTB SOL 4/5-Doors",12950,50,10210,97,0,0,1400,5,5,1065
"487",487,"TOYOTA Corolla 1.6 16V VVT I WAGON TERRA Stationwagen",12250,51,34882,110,1,0,1600,5,5,1075
"889",889,"TOYOTA Corolla 1.3 16V SEDAN LINEA TERRA 4/5-Doors",7900,68,33847,86,1,0,1300,4,5,1000
"1047",1047,"TOYOTA Corolla 1.6 HB LINEA LUNA 2/3-Doors",8950,80,86000,110,0,0,1600,3,5,1050
"142",142,"TOYOTA Corolla 1.6 16V VVT I 5DR SOL 4/5-Doors",21950,8,9788,110,1,0,1600,5,5,1130
"45",45,"TOYOTA Corolla 1.6 16V VVT I 5DR SOL 4/5-Doors",15999,30,38950,110,1,0,1600,5,5,1130
"1024",1024,"TOYOTA Corolla 1.3 16V HATCHB LINEA TERRA 2/3-Doors",6950,77,90305,86,1,0,1300,3,5,1015
"94",94,"TOYOTA Corolla 1.6 16V VVT I 5DR EXEC 4/5-Doors",21750,16,36000,110,1,0,1600,5,5,1130
"1058",1058,"TOYOTA Corolla 1.6 16v Liftback Linea Terra 4/5-Doors",7250,78,84000,110,1,0,1600,5,5,1065
"1137",1137,"TOYOTA Corolla 1.6 16V HATCHB LINEA TERRA 2/3-Doors",7500,76,70039,110,1,0,1600,3,5,1050
"899",899,"TOYOTA Corolla 1.3 16V HATCHB LINEA TERRA AUT3 2/3-Doors",10750,60,28500,86,1,1,1300,3,5,1045
"310",310,"TOYOTA Corolla 1.6 VVTI Linea Terra Comfort 4/5-Doors",11450,37,21500,110,1,0,1600,5,5,1030
"52",52,"TOYOTA Corolla 1.6 16V VVT I 5DR SOL 4/5-Doors",18950,28,30993,110,1,0,1600,5,5,1130
"168",168,"TOYOTA Corolla 1.6 16V VVT I LIFTB LUNA 4/5-Doors",12950,38,74319,110,1,0,1600,5,5,1075
"249",249,"TOYOTA Corolla 1.6 16v VVTi Terra Comfort 2/3-Doors",13500,42,38932,110,1,0,1600,3,5,1040
"346",346,"TOYOTA Corolla 1.6 VVT-i L. Sol Wagon Stationwagen",12500,54,84598,110,0,0,1600,5,5,1075
"1006",1006,"TOYOTA Corolla 1.6 16V LIFTB LINEA TERRA 4/5-Doors",7750,78,95651,110,1,0,1600,5,5,1070
"863",863,"TOYOTA Corolla 1.6 16V HATCHB LINEA TERRA 2/3-Doors",9950,68,42750,110,1,0,1600,3,5,1050
"270",270,"TOYOTA Corolla 1.6 16V VVT I LIFTB LUNA 4/5-Doors",12950,35,33258,110,1,0,1600,5,5,1075
"263",263,"TOYOTA Corolla 1.6 16V VVT I LIFTB LUNA 4/5-Doors",10750,36,36269,110,1,0,1600,5,5,1075
"722",722,"TOYOTA Corolla 1.6 16V HATCHB LINEA TERRA 2/3-Doors",7800,64,65000,110,1,0,1600,3,5,1050
"1051",1051,"TOYOTA Corolla 1.6 16V HATCHB LINEA LUNA 2/3-Doors",7900,70,85000,110,1,0,1600,3,5,1055
"484",484,"TOYOTA Corolla 1.4 16V VVT I HATCHB TERRA 2/3-Doors",10950,56,35230,97,0,0,1400,3,5,1025
"516",516,"TOYOTA Corolla 1.6 Linea Terra Comfort 4/5-Doors",7950,67,155500,110,1,0,1600,5,5,1050
"1129",1129,"TOYOTA Corolla 1.6 16V HATCHB LINEA TERRA 2/3-Doors",7500,78,71186,110,0,0,1600,3,5,1050
"1020",1020,"TOYOTA Corolla 1.6 16V LIFTB LINEA TERRA 4/5-Doors",7950,78,91399,110,1,0,1600,5,5,1070
"302",302,"TOYOTA Corolla 1.6 16V VVT I HATCHB TERRA 2/3-Doors",12950,39,24444,110,1,0,1600,3,5,1040
"1197",1197,"TOYOTA Corolla 1.6 HB LINEA LUNA 2/3-Doors",9750,70,57829,110,0,0,1600,3,5,1050
"277",277,"TOYOTA Corolla 1.6 16V VVT I HATCHB TERRA 2/3-Doors",12500,35,32000,110,0,0,1600,3,5,1040
"146",146,"TOYOTA Corolla 1.6 16V VVT I 5DR SOL 4/5-Doors",21950,8,5000,110,1,0,1600,5,5,1130
"23",23,"TOYOTA Corolla 1.4 16V VVT I 3DR TERRA COMFORT 2/3-Doors",15750,22,35199,97,1,0,1400,3,5,1100
"1264",1264,"TOYOTA Corolla 1.6 LB LINEA TERRA 4/5-Doors",6950,76,1,110,0,0,1600,5,5,1114
"309",309,"TOYOTA Corolla 1.4 16V VVT I HATCHB TERRA 2/3-Doors",11950,41,21651,97,0,0,1400,3,5,1025
"80",80,"TOYOTA Corolla 1.6 16V VVT I 3DR SOL 2/3-Doors",18990,20,23175,110,1,0,1600,3,5,1120
"1136",1136,"TOYOTA Corolla 1.6 16V HATCHB LINEA TERRA 2/3-Doors",8750,77,70124,110,1,0,1600,3,5,1050
"332",332,"TOYOTA Corolla 1.6 16V VVT I LIFTB SOL 4/5-Doors",11950,54,101352,110,0,0,1600,5,5,1080
"731",731,"TOYOTA Corolla 1.6 Linea Terra LB 4/5-Doors",10950,65,64630,110,0,0,1600,5,5,1070
"892",892,"TOYOTA Corolla 1.6 16V WAGON LINEA TERRA Stationwagen",10950,59,32150,110,1,0,1600,5,5,1085
"1097",1097,"TOYOTA Corolla 1.3 16V LIFTB LINEA TERRA 4/5-Doors",5950,71,75085,86,0,0,1300,5,5,1035
"202",202,"TOYOTA Corolla 1.6I Luna liftback 4/5-Doors",13500,38,53000,110,1,0,1600,5,5,1075
"477",477,"TOYOTA Corolla 1.4 16V VVT I HATCHB TERRA 2/3-Doors",10900,54,37000,97,1,0,1400,3,5,1025
"713",713,"TOYOTA Corolla 1.6 16V LIFTB LINEA TERRA 4/5-Doors",9250,62,66082,110,0,0,1600,5,5,1070
"14",14,"TOYOTA Corolla 1.6 16V VVT I 3DR SOL 2/3-Doors",15950,28,56349,110,1,0,1600,3,5,1120
"644",644,"TOYOTA Corolla 1.6 16V LIFTB LINEA TERRA AUT4 4/5-Doors",9500,61,78063,107,1,1,1600,5,5,1100
"188",188,"TOYOTA Corolla 1.6 16V VVT I HATCHB G6 2/3-Doors",12450,38,58363,110,1,0,1600,3,5,1055
"354",354,"TOYOTA Corolla 1.6 16V VVT I LIFTB TERRA 4/5-Doors",10895,53,79800,110,0,0,1600,5,5,1075
"606",606,"TOYOTA Corolla 1.6 16V SEDAN LINEA TERRA 4/5-Doors",9250,68,84976,110,1,0,1600,4,5,1035
"916",916,"TOYOTA Corolla 1.3 16V HATCHB LINEA TERRA 2/3-Doors",6750,80,160000,86,0,0,1300,3,5,1015
"1001",1001,"TOYOTA Corolla 1.3 16V HATCHB LINEA TERRA 2/3-Doors",6495,74,96302,86,1,0,1300,3,5,1015
"239",239,"TOYOTA Corolla 1.6 16V VVT I LIFTB SOL 4/5-Doors",12850,40,41339,110,1,0,1600,5,5,1080
"350",350,"TOYOTA Corolla 1.4 16V VVT I HATCHB SOL 2/3-Doors",10950,50,82735,97,1,0,1400,3,5,1030
"1184",1184,"TOYOTA Corolla 1.6 16V HATCHB LINEA TERRA 2/3-Doors",6750,69,60050,110,1,0,1600,3,5,1050
"896",896,"TOYOTA Corolla 1.6 16V SEDAN LINEA TERRA 4/5-Doors",10750,68,31000,110,1,0,1600,4,5,1035
"402",402,"TOYOTA Corolla 1.6 16V VVT I SEDAN TERRA 4/5-Doors",10950,47,60348,110,0,0,1600,4,5,1030
"1158",1158,"TOYOTA Corolla 1.6 16V HATCHB LINEA LUNA 2/3-Doors",6900,80,65307,110,1,0,1600,3,5,1055
"212",212,"TOYOTA Corolla 1.6 16V VVT I LIFTB SOL 4/5-Doors",12495,44,49332,110,1,0,1600,5,5,1080
"4",4,"TOYOTA Corolla 1.8 16V VVTLI 3DR T SPORT 2/3-Doors",19600,25,32189,192,0,0,1800,3,6,1185
"3",3,"TOYOTA Corolla 1.8 16V VVTLI 3DR T SPORT BNS 2/3-Doors",19950,22,43610,192,0,0,1800,3,6,1185
"843",843,"TOYOTA Corolla 1.6 16V SEDAN LINEA TERRA 4/5-Doors",10450,60,47060,110,0,0,1600,4,5,1035
"718",718,"TOYOTA Corolla 1.6 16V SEDAN LINEA LUNA AUT4 4/5-Doors",9950,65,65513,110,1,1,1600,4,5,1070
"1177",1177,"TOYOTA Corolla 1.6 16V HATCHB LINEA TERRA AUT4 2/3-Doors",9000,79,61165,107,1,1,1600,3,5,1080
"982",982,"TOYOTA Corolla 1.3 HB LINEA TERRA 2/3-Doors",6750,74,101000,86,0,0,1300,3,5,1015
"827",827,"TOYOTA Corolla 1.3I LINEATERRA 2/3-Doors",8950,65,51000,86,1,0,1300,3,5,1015
"627",627,"TOYOTA Corolla 1.6 16V HATCHB LINEA LUNA 2/3-Doors",9950,68,80426,110,1,0,1600,3,5,1055
"882",882,"TOYOTA Corolla 1.6 16V HATCHB G6 2/3-Doors",10450,65,36000,110,1,0,1600,3,6,1065
"1007",1007,"TOYOTA Corolla 1.3 16V LIFTB LINEA TERRA 4/5-Doors",6950,79,95000,86,1,0,1300,5,5,1035
"941",941,"TOYOTA Corolla 1.3 16V HATCHB LINEA TERRA 2/3-Doors",7950,74,123077,86,1,0,1300,3,5,1015
"1201",1201,"TOYOTA Corolla 1.6 16V HATCHB LINEA TERRA 2/3-Doors",6750,76,57263,110,1,0,1600,3,5,1050
"426",426,"TOYOTA Corolla 1.4 16V VVT I HATCHB TERRA 2/3-Doors",10500,56,52448,97,0,0,1400,3,5,1025
"687",687,"TOYOTA Corolla 1.6 16V HATCHB S 2/3-Doors",8000,58,70560,110,1,0,1600,3,5,1050
"1237",1237,"TOYOTA Corolla 1.6 16V HATCHB GTSI 2/3-Doors",9250,80,44444,110,1,0,1600,3,5,1050
"467",467,"TOYOTA Corolla 1.4 16V VVT I LIFTB TERRA 4/5-Doors",11250,50,40400,97,1,0,1400,5,5,1060
"1073",1073,"TOYOTA Corolla 1.6 16V LIFTB LINEA TERRA 4/5-Doors",7495,79,81988,110,1,0,1600,5,5,1070
"491",491,"TOYOTA Corolla 1.6 16V VVT I LIFTB SOL 4/5-Doors",11900,46,33021,110,1,0,1600,5,5,1080
"870",870,"TOYOTA Corolla 1.6 16V HATCHB LINEA TERRA 2/3-Doors",8250,66,39144,110,1,0,1600,3,5,1050
"591",591,"TOYOTA Corolla 1.6 Linea Luna Wagon Stationwagen",9950,63,89000,110,1,0,1600,5,5,1085
"425",425,"TOYOTA Corolla 1.4 16V VVT I HATCHB TERRA 2/3-Doors",10950,49,53116,97,1,0,1400,3,5,1025
"522",522,"TOYOTA Corolla 1.3 16V WAGON LINEA TERRA Stationwagen",7995,59,121626,86,0,0,1300,5,5,1050
"1008",1008,"TOYOTA Corolla 1.6 16V HATCHB LINEA TERRA 2/3-Doors",7250,80,94447,110,0,0,1600,3,5,1050
"787",787,"TOYOTA Corolla 1.6 16V LIFTB LINEA LUNA 4/5-Doors",8950,65,57374,110,1,0,1600,5,5,1075
"1079",1079,"TOYOTA Corolla 1.6 16V LIFTB LINEA TERRA 4/5-Doors",7750,74,78894,110,0,0,1600,5,5,1070
"78",78,"TOYOTA Corolla 1.6 16V VVT I 3DR SOL 2/3-Doors",18750,11,24500,110,1,0,1600,3,5,1120
"26",26,"TOYOTA Corolla 1.4 16V VVT I 3DR TERRA COMFORT 2/3-Doors",15500,22,41000,97,1,0,1400,3,5,1100
"312",312,"TOYOTA Corolla 1.6 16V VVT I SEDAN TERRA 4/5-Doors",10250,39,18500,110,0,0,1600,4,5,1030
"659",659,"TOYOTA Corolla 1.3 HB LINEA TERRA 2/3-Doors",8950,65,75000,86,0,0,1300,3,5,1015
"886",886,"TOYOTA Corolla 1.3 16V LIFTB G6 4/5-Doors",10900,57,35000,86,1,0,1300,5,5,1045
"1101",1101,"TOYOTA Corolla LIFTBACK 1.6 Linea Luna Liftback 4/5-Doors",7600,78,74926,110,1,0,1600,5,5,1075
"36",36,"TOYOTA Corolla 1.8 16V VVTLI 5DR T SPORT 4/5-Doors",21950,31,64982,192,1,0,1800,5,6,1195
"359",359,"TOYOTA Corolla 1.4 16V VVT I LIFTB TERRA 4/5-Doors",10750,50,76167,97,1,0,1400,5,5,1060
"651",651,"TOYOTA Corolla 1.6 16V LIFTB LINEA TERRA 4/5-Doors",8900,66,76791,110,1,0,1600,5,5,1070
"143",143,"TOYOTA Corolla 1.6 16V VVT I 5DR SOL 4/5-Doors",19950,8,8574,110,1,0,1600,5,5,1130
"128",128,"TOYOTA Corolla 1.6 16V VVT I SEDAN SOL 4/5-Doors",18950,16,11000,110,1,0,1600,4,5,1105
"82",82,"TOYOTA Corolla 1.4 VVT-i Sol 2/3-Doors",18500,13,18000,71,0,0,1400,3,5,1125
"37",37,"TOYOTA Corolla 1.4 16V VVT I 5DR TERRA 4/5-Doors",15750,30,57086,97,1,0,1400,5,5,1110
"888",888,"TOYOTA Corolla 1.6 16V LIFTB LINEA LUNA 4/5-Doors",11950,58,34000,110,0,0,1600,5,5,1075
"1209",1209,"TOYOTA Corolla 1.6 16V LIFTB LINEA LUNA 4/5-Doors",9950,79,55425,110,0,0,1600,5,5,1075
"252",252,"TOYOTA Corolla 1.6 16V VVT I LIFTB SOL 4/5-Doors",12950,40,38653,110,1,0,1600,5,5,1080
"1221",1221,"TOYOTA Corolla 1.3 16V LIFTB LINEA TERRA 4/5-Doors",7500,79,49827,86,1,0,1300,5,5,1035
"737",737,"TOYOTA Corolla 1.3 16V LIFTB LINEA TERRA AUT3 4/5-Doors",9950,65,63000,86,1,1,1300,5,5,1065
"1210",1210,"TOYOTA Corolla 1.3 16V HATCHB LINEA TERRA 2/3-Doors",7750,77,54439,86,1,0,1300,3,5,1015
"1005",1005,"TOYOTA Corolla 1.6 Terra Stationwagen",6990,79,95700,110,0,0,1600,5,5,1085
"1099",1099,"TOYOTA Corolla 1.3 16V Linea Terra 4/5-Doors",8950,69,75000,86,1,0,1300,4,5,1000
"1036",1036,"TOYOTA Corolla 1.6 16V HATCHB LINEA LUNA 2/3-Doors",7450,78,87743,110,0,0,1600,3,5,1055
"641",641,"TOYOTA Corolla 1.3 16V HATCHB LINEA TERRA 2/3-Doors",7950,68,78521,86,0,0,1300,3,5,1015
"510",510,"TOYOTA Corolla 1.4 16V VVT I HATCHB TERRA 2/3-Doors",10450,48,15000,97,1,0,1400,3,5,1025
"992",992,"TOYOTA Corolla 1.6 LB LINEA LUNA 4/5-Doors",6950,72,99245,110,1,0,1600,5,5,1114
"73",73,"TOYOTA Corolla 1.4 16V VVT I 3DR TERRA COMFORT 2/3-Doors",16450,20,48110,97,1,0,1400,3,5,1100
"205",205,"TOYOTA Corolla 1.6 16V VVT I LIFTB LUNA 4/5-Doors",13450,33,51945,110,1,0,1600,5,5,1075
"1212",1212,"TOYOTA Corolla 1.6 16V LIFTB LINEA TERRA 4/5-Doors",10950,76,53133,110,1,0,1600,5,5,1070
"1216",1216,"TOYOTA Corolla 1.6 LB LINEA TERRA 4/5-Doors",7450,78,52287,110,0,0,1600,5,5,1114
"1096",1096,"TOYOTA Corolla 1.6 Linea Terra Sd 4/5-Doors",8750,78,75226,110,0,0,1600,4,5,1035
"401",401,"TOYOTA Corolla ! 1.6-16v vvt-i sol airco sedan 4/5-Doors",9940,53,60558,110,1,0,1600,4,5,1105
"776",776,"TOYOTA Corolla 1.6 16V HATCHB LINEA TERRA 2/3-Doors",8950,65,58829,110,0,0,1600,3,5,1050
"397",397,"TOYOTA Corolla 1.4 16V VVT I HATCHB TERRA 2/3-Doors",9500,54,62519,97,0,0,1400,3,5,1025
"753",753,"TOYOTA Corolla 1.6 16V LIFTB LINEA LUNA 4/5-Doors",9950,58,61343,110,1,0,1600,5,5,1075
"123",123,"TOYOTA Corolla 1.4 16V VVT I SEDAN TERRA COMF 4/5-Doors",16868,15,13157,97,1,0,1400,4,5,1085
"570",570,"TOYOTA Corolla 1.3 16V SEDAN LINEA TERRA 4/5-Doors",8950,66,97046,86,1,0,1300,4,5,1000
"199",199,"TOYOTA Corolla 1.6 16V VVT I LIFTB LUNA AUT4 4/5-Doors",14950,42,53719,110,1,1,1600,5,5,1105
"572",572,"TOYOTA Corolla 1.6 Linea Terra LB 4/5-Doors",9250,67,95750,110,1,0,1600,5,5,1070
"393",393,"TOYOTA Corolla 1.6 SDN LINEA SOL 4/5-Doors",11950,54,63123,110,1,0,1600,4,5,1035
"126",126,"TOYOTA Corolla 1.6 16V VVT I 5DR SOL 4/5-Doors",19750,17,11999,110,1,0,1600,5,5,1130
"396",396,"TOYOTA Corolla 1.6 16V HATCHB LINEA TERRA 2/3-Doors",9900,56,62751,110,0,0,1600,3,5,1050
"957",957,"TOYOTA Corolla 1.6 16V WAGON LINEA TERRA Stationwagen",9250,76,110901,110,1,0,1600,5,5,1085
"315",315,"TOYOTA Corolla 1.4 LB LINEA TERRA 4/5-Doors",13250,33,16512,97,1,0,1400,5,5,1085
"720",720,"TOYOTA Corolla 1.3 16V SEDAN LINEA TERRA 4/5-Doors",8100,68,65400,86,1,0,1300,4,5,1000
"977",977,"TOYOTA Corolla 1.6 16V LIFTB LINEA LUNA AUT4 4/5-Doors",8950,75,102005,107,1,1,1600,5,5,1105
"940",940,"TOYOTA Corolla 1.6 16V LIFTB LINEA TERRA 4/5-Doors",6650,75,123104,110,1,0,1600,5,5,1070
"9",9,"TOYOTA Corolla 1.6 VVTI Linea Terra Comfort 2/3-Doors",17950,24,21716,110,1,0,1600,3,5,1105
"836",836,"TOYOTA Corolla 1.6 16V HATCHB LINEA TERRA 2/3-Doors",9950,61,49000,110,0,0,1600,3,5,1050
"1068",1068,"TOYOTA Corolla 1.3 HB LINEA TERRA 2/3-Doors",5950,78,82595,86,1,0,1300,3,5,1015
"953",953,"TOYOTA Corolla 1.3 16V WAGON LINEA TERRA Stationwagen",7600,77,114258,86,1,0,1300,5,5,1050
"257",257,"TOYOTA Corolla 1.6 16V VVT I LIFTB LUNA 4/5-Doors",13950,41,37533,110,1,0,1600,5,5,1075
"683",683,"TOYOTA Corolla 1.6 16V HATCHB LINEA TERRA 2/3-Doors",8950,65,71317,110,0,0,1600,3,5,1050
"636",636,"TOYOTA Corolla 1.3 16V HATCHB LINEA TERRA 2/3-Doors",9130,67,79762,86,1,0,1300,3,5,1015
"853",853,"TOYOTA Corolla 1.6 Linea Terra Sedan 4/5-Doors",9450,63,45000,110,1,0,1600,4,5,1035
"881",881,"TOYOTA Corolla 1.3 16V HATCHB LINEA TERRA 2/3-Doors",8250,65,36000,86,1,0,1300,3,5,1015
"49",49,"TOYOTA Corolla 1.6 16V VVT I 5DR SOL 4/5-Doors",17950,30,33511,110,1,0,1600,5,5,1130
"1260",1260,"TOYOTA Corolla 1.3 16V HATCHB G6 2/3-Doors",7500,69,20544,86,1,0,1300,3,5,1025
"879",879,"TOYOTA Corolla 1.3 16V WAGON LINEA TERRA Stationwagen",9950,63,36923,86,0,0,1300,5,5,1050
"1115",1115,"TOYOTA Corolla 1.6 16V LIFTB LINEA LUNA 4/5-Doors",8950,70,73014,110,1,0,1600,5,5,1075
"949",949,"TOYOTA Corolla 1.6 16V SEDAN LINEA TERRA 4/5-Doors",5750,73,115877,110,0,0,1600,4,5,1035
"766",766,"TOYOTA Corolla 1.3 16V HATCHB LINEA TERRA 2/3-Doors",8950,66,60000,86,1,0,1300,3,5,1015
"1231",1231,"TOYOTA Corolla 1.3 16V LIFTB LINEA LUNA 4/5-Doors",10500,78,47400,86,1,0,1300,5,5,1040
"1071",1071,"TOYOTA Corolla 1.3 16V LIFTB LINEA TERRA 4/5-Doors",8750,80,82021,86,1,0,1300,5,5,1035
"465",465,"TOYOTA Corolla 1.4 16V VVT I LIFTB TERRA 4/5-Doors",10995,50,41273,97,0,0,1400,5,5,1060
"445",445,"TOYOTA Corolla 1.6 16V VVT I WAGON TERRA Stationwagen",11895,52,47689,110,0,0,1600,5,5,1075
"224",224,"TOYOTA Corolla 1.6 16V VVT I LIFTB SOL 4/5-Doors",12950,40,45886,110,1,0,1600,5,5,1080
"1145",1145,"TOYOTA Corolla 1.6 16V LIFTBACK LINEA LUNA 4/5-Doors",7995,76,68000,110,1,0,1600,5,5,1075
"342",342,"TOYOTA Corolla LIFTBACK 1.4 VVT-i LINEA TERRA 4/5-Doors",11500,48,89049,97,1,0,1400,5,5,1060
"304",304,"TOYOTA Corolla 1.4 16V VVT I HATCHB TERRA 2/3-Doors",11950,41,24000,97,1,0,1400,3,5,1025
"1255",1255,"TOYOTA Corolla 1.6 Lin.Terra Aut. 2/3-Doors",9950,78,30964,110,0,1,1600,3,4,1080
"823",823,"TOYOTA Corolla 1.6 linea terra 4/5-Doors",8900,61,52112,110,1,0,1600,4,5,1035
"165",165,"TOYOTA Corolla 1.6 16V VVT I LIFTB LUNA 4/5-Doors",10950,33,77321,110,1,0,1600,5,5,1075
"399",399,"TOYOTA Corolla 1.6 VVTI Linea Terra liftback 4/5-Doors",10750,50,61672,110,0,0,1600,5,5,1075
"349",349,"TOYOTA Corolla 1.6 16V VVT I HATCHB TERRA 2/3-Doors",12200,50,82805,110,1,0,1600,3,5,1040
"490",490,"TOYOTA Corolla 1.6 16V HATCHB LINEA TERRA 2/3-Doors",11500,55,33230,110,0,0,1600,3,5,1050
"1204",1204,"TOYOTA Corolla 1.3 16V SEDAN LINEA TERRA 4/5-Doors",7750,80,57000,86,0,0,1300,4,5,1000
"959",959,"TOYOTA Corolla 1.3 16V HATCHB S 2/3-Doors",6500,72,110634,86,1,0,1300,3,5,1015
"264",264,"TOYOTA Corolla 1.6 VVTi Linea terra 4/5-Doors",13950,37,36074,110,1,1,1600,5,5,1075
"1054",1054,"TOYOTA Corolla 1.6 16V LIFTB LINEA TERRA 4/5-Doors",8250,76,84472,110,1,0,1600,5,5,1070
"306",306,"TOYOTA Corolla 1.6 16V VVT I LIFTB LUNA 4/5-Doors",12900,38,22865,110,1,0,1600,5,5,1075
"138",138,"TOYOTA Corolla 1.6-16v VVT-i Linea Terra Comfort AIRCO NIEUW 5DRS 4/5-Doors",18245,9,1,110,1,0,1600,5,5,1075
"550",550,"TOYOTA Corolla 1.6 16V WAGON LINEA TERRA Stationwagen",8495,68,104299,110,1,0,1600,5,5,1085
"438",438,"TOYOTA Corolla 1.6 16V VVT I HATCHB SOL 2/3-Doors",11450,48,49417,110,1,0,1600,3,5,1045
"1075",1075,"TOYOTA Corolla 1.6 VVTi Linea terra 2/3-Doors",6950,70,81663,110,0,0,1600,3,5,1050
"1067",1067,"TOYOTA Corolla 1.3 16V HATCHB LINEA TERRA 2/3-Doors",7450,78,82675,86,0,0,1300,3,5,1015
"198",198,"TOYOTA Corolla 1.6 16V VVT I LIFTB TERRA 4/5-Doors",11750,43,53773,110,1,0,1600,5,5,1075
"845",845,"TOYOTA Corolla 1.3 16V HATCHB G6 2/3-Doors",9900,59,46929,86,1,0,1300,3,5,1025
"1084",1084,"TOYOTA Corolla 1.3 HB LINEA TERRA 2/3-Doors",6950,77,77000,86,0,0,1300,3,5,1015
"320",320,"TOYOTA Corolla 1.6 16V VVT I LIFTB SOL 4/5-Doors",9900,51,146736,110,1,0,1600,5,5,1080
"2",2,"TOYOTA Corolla 1.8 VVTL-i T-Sport 3-Drs 2/3-Doors",20950,25,31461,192,0,0,1800,3,6,1185
"946",946,"TOYOTA Corolla 1.6 16V HATCHB LINEA TERRA 2/3-Doors",7750,74,120196,110,1,0,1600,3,5,1050
"1093",1093,"TOYOTA Corolla 1.6 Linea Terra Comfort H 2/3-Doors",8950,72,75525,110,1,0,1600,3,5,1114
"311",311,"TOYOTA Corolla 1.6 16V VVT I LIFTB SOL 4/5-Doors",13250,44,21027,110,1,0,1600,5,5,1080
"1081",1081,"TOYOTA Corolla 1.3 16V HATCHB LINEA TERRA 2/3-Doors",8950,77,78435,86,0,0,1300,3,5,1015
"655",655,"TOYOTA Corolla 1.6 16V SEDAN LINEA TERRA 4/5-Doors",8990,65,76155,110,1,0,1600,4,5,1035
"928",928,"TOYOTA Corolla 1.3 LB LINEA TERRA 4/5-Doors",6500,78,130000,86,0,0,1300,5,5,1015
"281",281,"TOYOTA Corolla 1.6 16V VVT I LIFTB TERRA 4/5-Doors",11950,42,30190,110,1,0,1600,5,5,1075
"1110",1110,"TOYOTA Corolla 1.3 16V HATCHB LINEA TERRA 2/3-Doors",7500,75,74000,86,1,0,1300,3,5,1015
"42",42,"TOYOTA Corolla 1.4 16V VVT I 5DR TERRA 4/5-Doors",15250,28,43210,97,0,0,1400,5,5,1110
"1029",1029,"TOYOTA Corolla 1.3 16V LIFTB LINEA TERRA 4/5-Doors",8750,79,89739,86,1,0,1300,5,5,1035
"521",521,"TOYOTA Corolla 1.6 16V WAGON LINEA TERRA Stationwagen",9450,66,126452,110,1,0,1600,5,5,1085
"504",504,"TOYOTA Corolla 1.4 16V VVT I HATCHB TERRA 2/3-Doors",9950,47,26221,97,1,0,1400,3,5,1025
"1050",1050,"TOYOTA Corolla 1.6 16V HATCHB LINEA TERRA 2/3-Doors",7950,73,85200,110,1,0,1600,3,5,1050
"1144",1144,"TOYOTA Corolla 1.6 16V HATCHB LINEA TERRA 2/3-Doors",5950,74,68285,110,1,0,1600,3,5,1050
"923",923,"TOYOTA Corolla 1.3 16V HATCHB LINEA TERRA AUT3 2/3-Doors",6950,80,143560,86,1,1,1300,3,5,1045
"376",376,"TOYOTA Corolla 1.4 16V VVT I HATCHB TERRA 2/3-Doors",9500,55,69813,97,1,0,1400,3,5,1025
"548",548,"TOYOTA Corolla 1.3 16V Linea Terra 2/3-Doors",5950,59,105000,86,1,0,1300,3,5,1015
"934",934,"TOYOTA Corolla 1.6 16V HATCHB LINEA TERRA 2/3-Doors",6900,76,125778,110,0,0,1600,3,5,1050
"976",976,"TOYOTA Corolla 1.3 Linea Terra 3 drs 2/3-Doors",7950,80,102300,86,1,0,1300,3,5,1015
"1042",1042,"TOYOTA Corolla 1.3 3D Linea Terra 2/3-Doors",7950,73,87000,86,1,0,1300,3,5,1015
"301",301,"TOYOTA Corolla 1.6 VVTi Terra Comfort 4/5-Doors",14350,41,24475,110,1,0,1600,5,5,1030
"1232",1232,"TOYOTA Corolla 1.3 16V HATCHB 2/3-Doors",7000,73,47360,86,0,0,1300,3,5,1010
"294",294,"TOYOTA Corolla 1.6 16V VVT I LIFTB TERRA 4/5-Doors",12450,38,26262,110,1,0,1600,5,5,1075
"1121",1121,"TOYOTA Corolla 1.6 16V SEDAN LINEA TERRA 4/5-Doors",8250,78,72000,110,1,0,1600,4,5,1035
"179",179,"TOYOTA Corolla LIFTBACK 1.6-16v Linea Luna 4/5-Doors",12950,33,62000,110,1,0,1600,5,5,1075
"619",619,"TOYOTA Corolla 1.6 HB LINEA TERRA 2/3-Doors",8250,66,81250,110,0,0,1600,3,5,1050
"800",800,"TOYOTA Corolla 1.3 16V LIFTB G6 4/5-Doors",10950,58,55478,86,0,0,1300,5,5,1045
"1230",1230,"TOYOTA Corolla 1.6 LB LINEA LUNA 4/5-Doors",8950,71,47633,110,1,0,1600,5,5,1075
"361",361,"TOYOTA Corolla 1.6 16V VVT I LIFTB SOL 4/5-Doors",11950,54,75231,110,1,0,1600,5,5,1080
"172",172,"TOYOTA Corolla 1.6 16V VVT I LIFTB TERRA 4/5-Doors",12450,35,71200,110,1,0,1600,5,5,1075
"18",18,"TOYOTA Corolla 1.6 16V VVT I 3DR SOL 2/3-Doors",17495,27,34545,110,1,0,1600,3,5,1120
"1014",1014,"TOYOTA Corolla 1.6 16V LIFTB LINEA LUNA 4/5-Doors",8250,77,93000,110,1,0,1600,5,5,1075
"1183",1183,"TOYOTA Corolla 1.6 Linea Terra Comfort 2/3-Doors",9450,79,60142,110,0,0,1600,3,5,1050
"877",877,"TOYOTA Corolla 1.6 16V HATCHB LINEA TERRA 2/3-Doors",8900,59,36954,110,1,0,1600,3,5,1050
"109",109,"TOYOTA Corolla 1.8 VVTL-i T-Sport 3-Drs 4/5-Doors",23950,19,21684,192,1,0,1800,5,5,1185
"449",449,"TOYOTA Corolla 1.4 16V VVT I LIFTB TERRA 4/5-Doors",9550,54,46856,97,0,0,1400,5,5,1060
"46",46,"TOYOTA Corolla 1.4 16V VVT I 5DR TERRA COMFORT 4/5-Doors",14950,22,37400,97,1,0,1400,5,5,1110
"565",565,"TOYOTA Corolla 1.6 16V LIFTB LINEA LUNA 4/5-Doors",9250,65,98500,110,1,0,1600,5,5,1075
"799",799,"TOYOTA Corolla 1.3 16V HATCHB LINEA LUNA 2/3-Doors",8750,61,55747,86,0,0,1300,3,5,1020
"620",620,"TOYOTA Corolla 1.6 16V HATCHB G6 R 2/3-Doors",10950,65,81192,110,1,0,1600,3,6,1065
"723",723,"TOYOTA Corolla 1.6 16V LIFTB LINEA TERRA 4/5-Doors",9000,68,65000,110,0,0,1600,5,5,1070
"299",299,"TOYOTA Corolla 1.6 16V VVT I HATCHB G6 2/3-Doors",14990,33,24650,110,1,0,1600,3,5,1055
"410",410,"TOYOTA Corolla 1.6 16V VVT I LIFTB SOL 4/5-Doors",11250,56,58142,110,1,0,1600,5,5,1080
"871",871,"TOYOTA Corolla 1.6 16V LIFTB LINEA LUNA 4/5-Doors",10250,62,39000,110,1,0,1600,5,5,1075
"585",585,"TOYOTA Corolla 1.3 16V HATCHB LINEA TERRA 2/3-Doors",8750,65,91246,86,1,0,1300,3,5,1015
"6",6,"TOYOTA Corolla 1.8 16V VVTLI 3DR T SPORT 2/3-Doors",22500,32,34131,192,1,0,1800,3,6,1185
"1030",1030,"TOYOTA Corolla 1.6 16V HATCHB LINEA TERRA 2/3-Doors",8950,76,89520,110,1,0,1600,3,5,1050
"532",532,"TOYOTA Corolla 1.6 16V HATCHB LINEA LUNA 2/3-Doors",7950,68,115071,110,1,0,1600,3,5,1055
"244",244,"TOYOTA Corolla 1.6 16V VVT I HATCHB G6 2/3-Doors",13950,43,39650,110,0,0,1600,3,5,1055
"528",528,"TOYOTA Corolla 1.6 16V SEDAN LINEA TERRA AUT4 4/5-Doors",8600,68,117955,110,1,1,1600,4,5,1065
"353",353,"TOYOTA Corolla 1.4 VVT-i Linea Sol HB 2/3-Doors",10750,49,80090,97,1,0,1400,3,5,1030
"755",755,"TOYOTA Corolla 1.6 16V HATCHB LINEA TERRA 2/3-Doors",10500,59,61166,110,1,0,1600,3,5,1050
"447",447,"TOYOTA Corolla 1.6 16V VVT I LIFTB SOL 4/5-Doors",11950,50,47219,110,1,0,1600,5,5,1080
